taxonKey,scientificName,acceptedTaxonKey,acceptedScientificName,taxonRank,taxonomicStatus,domain,cnamedomain,superkingdom,cnamesuperkingdom,kingdom,cnameKingdom,kingdomKey,subkingdom,cnamesubkingdom,superphylum,cnamesuperphylum,phylum,cnamePhylum,phylumKey,subphylum,cnmaesubphylum,superclass,cnamesuperclass,class,cnameClass,classKey,subclass,cnamesubclass,superorder,cnamesuperorder,order,cnameOrder,orderKey,suborder,cnamesuborder,superfamily,cnamesuperfamily,family,cnameFamily,familyKey,subfamily,cnamesubfamily,supertribe,cnamesupertribe,tribe,cnametribe,subtribe,cnamesubtribe,genus,cnameGenus,genusKey,subgenus,cnamesubgenus,species,cnameSpecies,speciesKey,subspecies,cnmaesubspecies,variety,cnamevariety,iucnRedListCategory,statuskepunahan
1412688,"Platycrana viridana (Olivier, 1792)",1412688,"Platycrana viridana (Olivier, 1792)",SPECIES,ACCEPTED,,,,,Animalia,Hewan,1,,,,,Arthropoda,Hewan beruas,54,,,,,Insecta,Serangga,216,,,,,Phasmida,Serangga-tongkat,1460,,,,,Phasmatidae,Serangga-tongkat sejati,5108,,,,,,,,,Platycrana,Serangga-tongkat Platycrana,1410195.0,,,Platycrana viridana,Serangga-tongkat viridana,1412688.0,,,,,NE,
1413943,"Ramulus angustior (Brunner von Wattenwyl, 1907)",1413943,"Ramulus angustior (Brunner von Wattenwyl, 1907)",SPECIES,ACCEPTED,,,,,Animalia,Hewan,1,,,,,Arthropoda,Hewan beruas,54,,,,,Insecta,Serangga,216,,,,,Phasmida,Serangga-tongkat,1460,,,,,Phasmatidae,Serangga-tongkat sejati,5108,,,,,,,,,Ramulus,Serangga-tongkat Ramulus,1410478.0,,,Ramulus angustior,Serangga-tongkat angustior,1413943.0,,,,,NE,
1414133,"Ramulus caii (Brock & Seow-Choen, 2000)",1414133,"Ramulus caii (Brock & Seow-Choen, 2000)",SPECIES,ACCEPTED,,,,,Animalia,Hewan,1,,,,,Arthropoda,Hewan beruas,54,,,,,Insecta,Serangga,216,,,,,Phasmida,Serangga-tongkat,1460,,,,,Phasmatidae,Serangga-tongkat sejati,5108,,,,,,,,,Ramulus,Serangga-tongkat Ramulus,1410478.0,,,Ramulus caii,Serangga-tongkat caii,1414133.0,,,,,NE,
1414197,"Ramulus nematodes (de Haan, 1842)",1414197,"Ramulus nematodes (de Haan, 1842)",SPECIES,ACCEPTED,,,,,Animalia,Hewan,1,,,,,Arthropoda,Hewan beruas,54,,,,,Insecta,Serangga,216,,,,,Phasmida,Serangga-tongkat,1460,,,,,Phasmatidae,Serangga-tongkat sejati,5108,,,,,,,,,Ramulus,Serangga-tongkat Ramulus,1410478.0,,,Ramulus nematodes,Serangga-kerempeng besar,1414197.0,,,,,NE,
1414293,"Ramulus serrulatus (Brunner von Wattenwyl, 1907)",1414293,"Ramulus serrulatus (Brunner von Wattenwyl, 1907)",SPECIES,ACCEPTED,,,,,Animalia,Hewan,1,,,,,Arthropoda,Hewan beruas,54,,,,,Insecta,Serangga,216,,,,,Phasmida,Serangga-tongkat,1460,,,,,Phasmatidae,Serangga-tongkat sejati,5108,,,,,,,,,Ramulus,Serangga-tongkat Ramulus,1410478.0,,,Ramulus serrulatus,Serangga-tongkat serrulatus,1414293.0,,,,,NE,
12211914,"Ramulus togianense Hennemann, 2021",12211914,"Ramulus togianense Hennemann, 2021",SPECIES,ACCEPTED,,,,,Animalia,Hewan,1,,,,,Arthropoda,Hewan beruas,54,,,,,Insecta,Serangga,216,,,,,Phasmida,Serangga-tongkat,1460,,,,,Phasmatidae,Serangga-tongkat sejati,5108,,,,,,,,,Ramulus,Serangga-tongkat Ramulus,1410478.0,,,Ramulus togianense,Serangga-tongkat togianense,12211914.0,,,,,NE,
12215293,"Ramulus pelengense Hennemann, Le Tirant & Purwanto, 2021",12215293,"Ramulus pelengense Hennemann, Le Tirant & Purwanto, 2021",SPECIES,ACCEPTED,,,,,Animalia,Hewan,1,,,,,Arthropoda,Hewan beruas,54,,,,,Insecta,Serangga,216,,,,,Phasmida,Serangga-tongkat,1460,,,,,Phasmatidae,Serangga-tongkat sejati,5108,,,,,,,,,Ramulus,Serangga-tongkat Ramulus,1410478.0,,,Ramulus pelengense,Serangga-tongkat pelengense,12215293.0,,,,,NE,
5049820,"Phasma reinwardtii de Haan, 1842",5049820,"Phasma reinwardtii de Haan, 1842",SPECIES,ACCEPTED,,,,,Animalia,Hewan,1,,,,,Arthropoda,Hewan beruas,54,,,,,Insecta,Serangga,216,,,,,Phasmida,Serangga-tongkat,1460,,,,,Phasmatidae,Serangga-tongkat sejati,5108,,,,,,,,,Phasma,Serangga-tongkat Phasma,1411210.0,,,Phasma reinwardtii,Serangga-tongkat reinwardtii,5049820.0,,,,,NE,
5049821,"Phasma gigas (Linnaeus, 1758)",5049821,"Phasma gigas (Linnaeus, 1758)",SPECIES,ACCEPTED,,,,,Animalia,Hewan,1,,,,,Arthropoda,Hewan beruas,54,,,,,Insecta,Serangga,216,,,,,Phasmida,Serangga-tongkat,1460,,,,,Phasmatidae,Serangga-tongkat sejati,5108,,,,,,,,,Phasma,Serangga-tongkat Phasma,1411210.0,,,Phasma gigas,Serangga-tongkat gergasi sunda,5049821.0,,,,,NE,
1412863,"Pharnacia borneensis Hennemann & Conle, 2008",1412863,"Pharnacia borneensis Hennemann & Conle, 2008",SPECIES,ACCEPTED,,,,,Animalia,Hewan,1,,,,,Arthropoda,Hewan beruas,54,,,,,Insecta,Serangga,216,,,,,Phasmida,Serangga-tongkat,1460,,,,,Phasmatidae,Serangga-tongkat sejati,5108,,,,,,,,,Pharnacia,Serangga-tongkat Pharnacia,1411630.0,,,Pharnacia borneensis,Serangga-tongkat borneensis,1412863.0,,,,,NE,
1412864,"Pharnacia sumatrana (Brunner von Wattenwyl, 1907)",1412864,"Pharnacia sumatrana (Brunner von Wattenwyl, 1907)",SPECIES,ACCEPTED,,,,,Animalia,Hewan,1,,,,,Arthropoda,Hewan beruas,54,,,,,Insecta,Serangga,216,,,,,Phasmida,Serangga-tongkat,1460,,,,,Phasmatidae,Serangga-tongkat sejati,5108,,,,,,,,,Pharnacia,Serangga-tongkat Pharnacia,1411630.0,,,Pharnacia sumatrana,Serangga-tongkat sumatrana,1412864.0,,,,,NE,
1411864,"Acrophylla maindroni (Redtenbacher, 1908)",1411864,"Acrophylla maindroni (Redtenbacher, 1908)",SPECIES,ACCEPTED,,,,,Animalia,Hewan,1,,,,,Arthropoda,Hewan beruas,54,,,,,Insecta,Serangga,216,,,,,Phasmida,Serangga-tongkat,1460,,,,,Phasmatidae,Serangga-tongkat sejati,5108,,,,,,,,,Acrophylla,Serangga-tongkat Acrophylla,1411863.0,,,Acrophylla maindroni,Serangga-tongkat maindroni,1411864.0,,,,,NE,
1411875,"Acrophylla enceladus Gray, 1835",1411875,"Acrophylla enceladus Gray, 1835",SPECIES,ACCEPTED,,,,,Animalia,Hewan,1,,,,,Arthropoda,Hewan beruas,54,,,,,Insecta,Serangga,216,,,,,Phasmida,Serangga-tongkat,1460,,,,,Phasmatidae,Serangga-tongkat sejati,5108,,,,,,,,,Acrophylla,Serangga-tongkat Acrophylla,1411863.0,,,Acrophylla enceladus,Serangga-tongkat enceladus,1411875.0,,,,,LC,
1412066,"Dimorphodes mancus Bates, 1865",1412066,"Dimorphodes mancus Bates, 1865",SPECIES,ACCEPTED,,,,,Animalia,Hewan,1,,,,,Arthropoda,Hewan beruas,54,,,,,Insecta,Serangga,216,,,,,Phasmida,Serangga-tongkat,1460,,,,,Phasmatidae,Serangga-tongkat sejati,5108,,,,,,,,,Dimorphodes,Serangga-tongkat Dimorphodes,1412063.0,,,Dimorphodes mancus,Serangga-tongkat mancus,1412066.0,,,,,NE,
1412069,"Dimorphodes miles Redtenbacher, 1908",1412069,"Dimorphodes miles Redtenbacher, 1908",SPECIES,ACCEPTED,,,,,Animalia,Hewan,1,,,,,Arthropoda,Hewan beruas,54,,,,,Insecta,Serangga,216,,,,,Phasmida,Serangga-tongkat,1460,,,,,Phasmatidae,Serangga-tongkat sejati,5108,,,,,,,,,Dimorphodes,Serangga-tongkat Dimorphodes,1412063.0,,,Dimorphodes miles,Serangga-tongkat miles,1412069.0,,,,,NE,
5975293,"Dimorphodes celebensis Redtenbacher, 1908",5975293,"Dimorphodes celebensis Redtenbacher, 1908",SPECIES,ACCEPTED,,,,,Animalia,Hewan,1,,,,,Arthropoda,Hewan beruas,54,,,,,Insecta,Serangga,216,,,,,Phasmida,Serangga-tongkat,1460,,,,,Phasmatidae,Serangga-tongkat sejati,5108,,,,,,,,,Dimorphodes,Serangga-tongkat Dimorphodes,1412063.0,,,Dimorphodes celebensis,Serangga-tongkat celebensis,5975293.0,,,,,NE,
1412309,"Nesiophasma spinulosum (Brunner von Wattenwyl, 1907)",1412309,"Nesiophasma spinulosum (Brunner von Wattenwyl, 1907)",SPECIES,ACCEPTED,,,,,Animalia,Hewan,1,,,,,Arthropoda,Hewan beruas,54,,,,,Insecta,Serangga,216,,,,,Phasmida,Serangga-tongkat,1460,,,,,Phasmatidae,Serangga-tongkat sejati,5108,,,,,,,,,Nesiophasma,Serangga-tongkat Nesiophasma,1412304.0,,,Nesiophasma spinulosum,Serangga-tongkat spinulosum,1412309.0,,,,,NE,
1412315,"Nesiophasma plateni (Dohrn, 1910)",1412315,"Nesiophasma plateni (Dohrn, 1910)",SPECIES,ACCEPTED,,,,,Animalia,Hewan,1,,,,,Arthropoda,Hewan beruas,54,,,,,Insecta,Serangga,216,,,,,Phasmida,Serangga-tongkat,1460,,,,,Phasmatidae,Serangga-tongkat sejati,5108,,,,,,,,,Nesiophasma,Serangga-tongkat Nesiophasma,1412304.0,,,Nesiophasma plateni,Serangga-tongkat plateni,1412315.0,,,,,NE,
12239520,"Nesiophasma sananaense Hennemann, 2021",12239520,"Nesiophasma sananaense Hennemann, 2021",SPECIES,ACCEPTED,,,,,Animalia,Hewan,1,,,,,Arthropoda,Hewan beruas,54,,,,,Insecta,Serangga,216,,,,,Phasmida,Serangga-tongkat,1460,,,,,Phasmatidae,Serangga-tongkat sejati,5108,,,,,,,,,Nesiophasma,Serangga-tongkat Nesiophasma,1412304.0,,,Nesiophasma sananaense,Serangga-tongkat sananaense,12239520.0,,,,,NE,
12248873,"Nesiophasma giganteum Hennemann, Le Tirant & Purwanto, 2021",12248873,"Nesiophasma giganteum Hennemann, Le Tirant & Purwanto, 2021",SPECIES,ACCEPTED,,,,,Animalia,Hewan,1,,,,,Arthropoda,Hewan beruas,54,,,,,Insecta,Serangga,216,,,,,Phasmida,Serangga-tongkat,1460,,,,,Phasmatidae,Serangga-tongkat sejati,5108,,,,,,,,,Nesiophasma,Serangga-tongkat Nesiophasma,1412304.0,,,Nesiophasma giganteum,Serangga-tongkat giganteum,12248873.0,,,,,NE,
1412304,"Nesiophasma G√ºnther, 1934",1412304,"Nesiophasma G√ºnther, 1934",GENUS,ACCEPTED,,,,,Animalia,Hewan,1,,,,,Arthropoda,Hewan beruas,54,,,,,Insecta,Serangga,216,,,,,Phasmida,Serangga-tongkat,1460,,,,,Phasmatidae,Serangga-tongkat sejati,5108,,,,,,,,,Nesiophasma,Serangga-tongkat Nesiophasma,1412304.0,,,,,,,,,,,
1412590,"Tirachoidea biceps (Redtenbacher, 1908)",1412590,"Tirachoidea biceps (Redtenbacher, 1908)",SPECIES,ACCEPTED,,,,,Animalia,Hewan,1,,,,,Arthropoda,Hewan beruas,54,,,,,Insecta,Serangga,216,,,,,Phasmida,Serangga-tongkat,1460,,,,,Phasmatidae,Serangga-tongkat sejati,5108,,,,,,,,,Tirachoidea,Serangga-tongkat Tirachoidea,1412589.0,,,Tirachoidea biceps,Serangga-tongkat biceps,1412590.0,,,,,NE,
1412596,"Tirachoidea cantori (Westwood, 1859)",1412596,"Tirachoidea cantori (Westwood, 1859)",SPECIES,ACCEPTED,,,,,Animalia,Hewan,1,,,,,Arthropoda,Hewan beruas,54,,,,,Insecta,Serangga,216,,,,,Phasmida,Serangga-tongkat,1460,,,,,Phasmatidae,Serangga-tongkat sejati,5108,,,,,,,,,Tirachoidea,Serangga-tongkat Tirachoidea,1412589.0,,,Tirachoidea cantori,Serangga-tongkat cantori,1412596.0,,,,,NE,
1412793,"Prosentoria arrogans Brunner von Wattenwyl, 1907",1412793,"Prosentoria arrogans Brunner von Wattenwyl, 1907",SPECIES,ACCEPTED,,,,,Animalia,Hewan,1,,,,,Arthropoda,Hewan beruas,54,,,,,Insecta,Serangga,216,,,,,Phasmida,Serangga-tongkat,1460,,,,,Phasmatidae,Serangga-tongkat sejati,5108,,,,,,,,,Prosentoria,Serangga-tongkat Prosentoria,1412792.0,,,Prosentoria arrogans,Serangga-tongkat arrogans,1412793.0,,,,,NE,
7854899,"Paracyphocrania major Hennemann, Conle & Suzuki, 2015",7854899,"Paracyphocrania major Hennemann, Conle & Suzuki, 2015",SPECIES,ACCEPTED,,,,,Animalia,Hewan,1,,,,,Arthropoda,Hewan beruas,54,,,,,Insecta,Serangga,216,,,,,Phasmida,Serangga-tongkat,1460,,,,,Phasmatidae,Serangga-tongkat sejati,5108,,,,,,,,,Paracyphocrania,Serangga-tongkat Paracyphocrania,1412797.0,,,Paracyphocrania major,Serangga-tongkat major,7854899.0,,,,,NE,
1413274,"Phobaeticus kirbyi Brunner von Wattenwyl, 1907",1413274,"Phobaeticus kirbyi Brunner von Wattenwyl, 1907",SPECIES,ACCEPTED,,,,,Animalia,Hewan,1,,,,,Arthropoda,Hewan beruas,54,,,,,Insecta,Serangga,216,,,,,Phasmida,Serangga-tongkat,1460,,,,,Phasmatidae,Serangga-tongkat sejati,5108,,,,,,,,,Phobaeticus,Serangga-tongkat Phobaeticus,1413260.0,,,Phobaeticus kirbyi,Serangga-tongkat kirbyi,1413274.0,,,,,NE,
10659629,BOLD:ADC6363,10659629,BOLD:ADC6363,SPECIES,ACCEPTED,,,,,Animalia,Hewan,1,,,,,Arthropoda,Hewan beruas,54,,,,,Insecta,Serangga,216,,,,,Phasmida,Serangga-tongkat,1460,,,,,Phasmatidae,Serangga-tongkat sejati,5108,,,,,,,,,Phobaeticus,Serangga-tongkat Phobaeticus,1413260.0,,,Phobaeticus serratipes,Serangga-tongkat gergasi malaya,1413288.0,,,,,,
1413288,"Phobaeticus serratipes (Gray, 1835)",1413288,"Phobaeticus serratipes (Gray, 1835)",SPECIES,ACCEPTED,,,,,Animalia,Hewan,1,,,,,Arthropoda,Hewan beruas,54,,,,,Insecta,Serangga,216,,,,,Phasmida,Serangga-tongkat,1460,,,,,Phasmatidae,Serangga-tongkat sejati,5108,,,,,,,,,Phobaeticus,Serangga-tongkat Phobaeticus,1413260.0,,,Phobaeticus serratipes,Serangga-tongkat serratipes,1413288.0,,,,,NE,
1413309,"Phobaeticus foliatus (Bragg, 1995)",1413309,"Phobaeticus foliatus (Bragg, 1995)",SPECIES,ACCEPTED,,,,,Animalia,Hewan,1,,,,,Arthropoda,Hewan beruas,54,,,,,Insecta,Serangga,216,,,,,Phasmida,Serangga-tongkat,1460,,,,,Phasmatidae,Serangga-tongkat sejati,5108,,,,,,,,,Phobaeticus,Serangga-tongkat Phobaeticus,1413260.0,,,Phobaeticus foliatus,Serangga-tongkat foliatus,1413309.0,,,,,NE,
1413260,"Phobaeticus Brunner von Wattenwyl, 1907",1413260,"Phobaeticus Brunner von Wattenwyl, 1907",GENUS,ACCEPTED,,,,,Animalia,Hewan,1,,,,,Arthropoda,Hewan beruas,54,,,,,Insecta,Serangga,216,,,,,Phasmida,Serangga-tongkat,1460,,,,,Phasmatidae,Serangga-tongkat sejati,5108,,,,,,,,,Phobaeticus,Serangga-tongkat Phobaeticus,1413260.0,,,,,,,,,,,
1413407,"Eurycnema nigrospinosa Redtenbacher, 1908",1413407,"Eurycnema nigrospinosa Redtenbacher, 1908",SPECIES,ACCEPTED,,,,,Animalia,Hewan,1,,,,,Arthropoda,Hewan beruas,54,,,,,Insecta,Serangga,216,,,,,Phasmida,Serangga-tongkat,1460,,,,,Phasmatidae,Serangga-tongkat sejati,5108,,,,,,,,,Eurycnema,Serangga-tongkat Eurycnema,1413384.0,,,Eurycnema nigrospinosa,Serangga-tongkat nigrospinosa,1413407.0,,,,,NE,
1413409,"Eurycnema versirubra (Audinet-Serville, 1838)",1413409,"Eurycnema versirubra (Audinet-Serville, 1838)",SPECIES,ACCEPTED,,,,,Animalia,Hewan,1,,,,,Arthropoda,Hewan beruas,54,,,,,Insecta,Serangga,216,,,,,Phasmida,Serangga-tongkat,1460,,,,,Phasmatidae,Serangga-tongkat sejati,5108,,,,,,,,,Eurycnema,Serangga-tongkat Eurycnema,1413384.0,,,Eurycnema versirubra,Serangga-tongkat sayap-merah,1413409.0,,,,,NE,
1413384,"Eurycnema Audinet-Serville, 1838",1413384,"Eurycnema Audinet-Serville, 1838",GENUS,ACCEPTED,,,,,Animalia,Hewan,1,,,,,Arthropoda,Hewan beruas,54,,,,,Insecta,Serangga,216,,,,,Phasmida,Serangga-tongkat,1460,,,,,Phasmatidae,Serangga-tongkat sejati,5108,,,,,,,,,Eurycnema,Serangga-tongkat Eurycnema,1413384.0,,,,,,,,,,NE,
1413559,"Extatosoma popa St√•l, 1875",1413559,"Extatosoma popa St√•l, 1875",SPECIES,ACCEPTED,,,,,Animalia,Hewan,1,,,,,Arthropoda,Hewan beruas,54,,,,,Insecta,Serangga,216,,,,,Phasmida,Serangga-tongkat,1460,,,,,Phasmatidae,Serangga-tongkat sejati,5108,,,,,,,,,Extatosoma,Serangga-tongkat Extatosoma,1413558.0,,,Extatosoma popa,Serangga-tongkat popa,1413559.0,,,,,NE,
1413558,"Extatosoma Gray, 1833",1413558,"Extatosoma Gray, 1833",GENUS,ACCEPTED,,,,,Animalia,Hewan,1,,,,,Arthropoda,Hewan beruas,54,,,,,Insecta,Serangga,216,,,,,Phasmida,Serangga-tongkat,1460,,,,,Phasmatidae,Serangga-tongkat sejati,5108,,,,,,,,,Extatosoma,Serangga-tongkat Extatosoma,1413558.0,,,,,,,,,,NE,
1413761,"Megacrania wegneri Willemse, 1955",1413761,"Megacrania wegneri Willemse, 1955",SPECIES,ACCEPTED,,,,,Animalia,Hewan,1,,,,,Arthropoda,Hewan beruas,54,,,,,Insecta,Serangga,216,,,,,Phasmida,Serangga-tongkat,1460,,,,,Phasmatidae,Serangga-tongkat sejati,5108,,,,,,,,,Megacrania,Serangga-tongkat Megacrania,1413754.0,,,Megacrania wegneri,Serangga-tongkat wegneri,1413761.0,,,,,NE,
1414408,"Anchiale maculata (Olivier, 1792)",1414408,"Anchiale maculata (Olivier, 1792)",SPECIES,ACCEPTED,,,,,Animalia,Hewan,1,,,,,Arthropoda,Hewan beruas,54,,,,,Insecta,Serangga,216,,,,,Phasmida,Serangga-tongkat,1460,,,,,Phasmatidae,Serangga-tongkat sejati,5108,,,,,,,,,Anchiale,Serangga-tongkat Anchiale,1414367.0,,,Anchiale maculata,Serangga-tongkat maculata,1414408.0,,,,,NE,
8391929,"Anchiale buruense Hennemann, Conle & Suzuki, 2015",8391929,"Anchiale buruense Hennemann, Conle & Suzuki, 2015",SPECIES,ACCEPTED,,,,,Animalia,Hewan,1,,,,,Arthropoda,Hewan beruas,54,,,,,Insecta,Serangga,216,,,,,Phasmida,Serangga-tongkat,1460,,,,,Phasmatidae,Serangga-tongkat sejati,5108,,,,,,,,,Anchiale,Serangga-tongkat Anchiale,1414367.0,,,Anchiale buruense,Serangga-tongkat buruense,8391929.0,,,,,NE,
1414367,"Anchiale St√•l, 1875",1414367,"Anchiale St√•l, 1875",GENUS,ACCEPTED,,,,,Animalia,Hewan,1,,,,,Arthropoda,Hewan beruas,54,,,,,Insecta,Serangga,216,,,,,Phasmida,Serangga-tongkat,1460,,,,,Phasmatidae,Serangga-tongkat sejati,5108,,,,,,,,,Anchiale,Serangga-tongkat Anchiale,1414367.0,,,,,,,,,,NE,
5108,Phasmatidae,5108,Phasmatidae,FAMILY,ACCEPTED,,,,,Animalia,Hewan,1,,,,,Arthropoda,Hewan beruas,54,,,,,Insecta,Serangga,216,,,,,Phasmida,Serangga-tongkat,1460,,,,,Phasmatidae,Serangga-tongkat sejati,5108,,,,,,,,,,Serangga-tongkat ,,,,,,,,,,,NE,
11372971,"Planispectrum bengalense (Redtenbacher, 1906)",11372971,"Planispectrum bengalense (Redtenbacher, 1906)",SPECIES,ACCEPTED,,,,,Animalia,Hewan,1,,,,,Arthropoda,Hewan beruas,54,,,,,Insecta,Serangga,216,,,,,Phasmida,Serangga-tongkat,1460,,,,,Heteropterygidae,Serangga-tongkat Heteropterygid,5529,,,,,,,,,Planispectrum,Serangga-tongkat Planispectrum,1415895.0,,,Planispectrum bengalense,Serangga-tongkat bengalense,11372971.0,,,,,NE,
5050566,"Orestes mouhotii (Bates, 1865)",5050566,"Orestes mouhotii (Bates, 1865)",SPECIES,ACCEPTED,,,,,Animalia,Hewan,1,,,,,Arthropoda,Hewan beruas,54,,,,,Insecta,Serangga,216,,,,,Phasmida,Serangga-tongkat,1460,,,,,Heteropterygidae,Serangga-tongkat Heteropterygid,5529,,,,,,,,,Orestes,Serangga-tongkat Orestes,1415921.0,,,Orestes mouhotii,Serangga-tongkat mouhotii,5050566.0,,,,,NE,
9322867,"Orestes draegeri Bresseel & Constant, 2018",9322867,"Orestes draegeri Bresseel & Constant, 2018",SPECIES,ACCEPTED,,,,,Animalia,Hewan,1,,,,,Arthropoda,Hewan beruas,54,,,,,Insecta,Serangga,216,,,,,Phasmida,Serangga-tongkat,1460,,,,,Heteropterygidae,Serangga-tongkat Heteropterygid,5529,,,,,,,,,Orestes,Serangga-tongkat Orestes,1415921.0,,,Orestes draegeri,Serangga-tongkat draegeri,9322867.0,,,,,NE,
1415935,"Haaniella echinata (Redtenbacher, 1906)",1415935,"Haaniella echinata (Redtenbacher, 1906)",SPECIES,ACCEPTED,,,,,Animalia,Hewan,1,,,,,Arthropoda,Hewan beruas,54,,,,,Insecta,Serangga,216,,,,,Phasmida,Serangga-tongkat,1460,,,,,Heteropterygidae,Serangga-tongkat Heteropterygid,5529,,,,,,,,,Haaniella,Serangga-tongkat Haaniella,1415928.0,,,Haaniella echinata,Serangga-tongkat echinata,1415935.0,,,,,NE,
1415952,"Haaniella grayii (Westwood, 1859)",1415952,"Haaniella grayii (Westwood, 1859)",SPECIES,ACCEPTED,,,,,Animalia,Hewan,1,,,,,Arthropoda,Hewan beruas,54,,,,,Insecta,Serangga,216,,,,,Phasmida,Serangga-tongkat,1460,,,,,Heteropterygidae,Serangga-tongkat Heteropterygid,5529,,,,,,,,,Haaniella,Serangga-tongkat Haaniella,1415928.0,,,Haaniella grayii,Serangga-tongkat grayii,1415952.0,,,,,NE,
1415957,"Haaniella saussurei Kirby, 1904",1415957,"Haaniella saussurei Kirby, 1904",SPECIES,ACCEPTED,,,,,Animalia,Hewan,1,,,,,Arthropoda,Hewan beruas,54,,,,,Insecta,Serangga,216,,,,,Phasmida,Serangga-tongkat,1460,,,,,Heteropterygidae,Serangga-tongkat Heteropterygid,5529,,,,,,,,,Haaniella,Serangga-tongkat Haaniella,1415928.0,,,Haaniella saussurei,Serangga-tongkat saussurei,1415957.0,,,,,NE,
1416020,"Haaniella parva G√ºnther, 1944",1416020,"Haaniella parva G√ºnther, 1944",SPECIES,ACCEPTED,,,,,Animalia,Hewan,1,,,,,Arthropoda,Hewan beruas,54,,,,,Insecta,Serangga,216,,,,,Phasmida,Serangga-tongkat,1460,,,,,Heteropterygidae,Serangga-tongkat Heteropterygid,5529,,,,,,,,,Haaniella,Serangga-tongkat Haaniella,1415928.0,,,Haaniella parva,Serangga-tongkat parva,1416020.0,,,,,NE,
7972375,"Haaniella erringtoniae (Redtenbacher, 1906)",7972375,"Haaniella erringtoniae (Redtenbacher, 1906)",SPECIES,ACCEPTED,,,,,Animalia,Hewan,1,,,,,Arthropoda,Hewan beruas,54,,,,,Insecta,Serangga,216,,,,,Phasmida,Serangga-tongkat,1460,,,,,Heteropterygidae,Serangga-tongkat Heteropterygid,5529,,,,,,,,,Haaniella,Serangga-tongkat Haaniella,1415928.0,,,Haaniella erringtoniae,Serangga-tongkat erringtoniae,7972375.0,,,,,NE,
8765726,"Haaniella gintingi Hennemann, Conle, Brock & Seow-Choen, 2016",8765726,"Haaniella gintingi Hennemann, Conle, Brock & Seow-Choen, 2016",SPECIES,ACCEPTED,,,,,Animalia,Hewan,1,,,,,Arthropoda,Hewan beruas,54,,,,,Insecta,Serangga,216,,,,,Phasmida,Serangga-tongkat,1460,,,,,Heteropterygidae,Serangga-tongkat Heteropterygid,5529,,,,,,,,,Haaniella,Serangga-tongkat Haaniella,1415928.0,,,Haaniella gintingi,Serangga-tongkat gintingi,8765726.0,,,,,NE,
11376152,"Haaniella azlini Seow-Choen, 2018",11376152,"Haaniella azlini Seow-Choen, 2018",SPECIES,ACCEPTED,,,,,Animalia,Hewan,1,,,,,Arthropoda,Hewan beruas,54,,,,,Insecta,Serangga,216,,,,,Phasmida,Serangga-tongkat,1460,,,,,Heteropterygidae,Serangga-tongkat Heteropterygid,5529,,,,,,,,,Haaniella,Serangga-tongkat Haaniella,1415928.0,,,Haaniella azlini,Serangga-tongkat azlini,11376152.0,,,,,NE,
1415928,"Haaniella Kirby, 1904",1415928,"Haaniella Kirby, 1904",GENUS,ACCEPTED,,,,,Animalia,Hewan,1,,,,,Arthropoda,Hewan beruas,54,,,,,Insecta,Serangga,216,,,,,Phasmida,Serangga-tongkat,1460,,,,,Heteropterygidae,Serangga-tongkat Heteropterygid,5529,,,,,,,,,Haaniella,Serangga-tongkat Haaniella,1415928.0,,,,,,,,,,,
1416014,"Aretaon asperrimus (Redtenbacher, 1906)",1416014,"Aretaon asperrimus (Redtenbacher, 1906)",SPECIES,ACCEPTED,,,,,Animalia,Hewan,1,,,,,Arthropoda,Hewan beruas,54,,,,,Insecta,Serangga,216,,,,,Phasmida,Serangga-tongkat,1460,,,,,Heteropterygidae,Serangga-tongkat Heteropterygid,5529,,,,,,,,,Aretaon,Serangga-tongkat Aretaon,1416013.0,,,Aretaon asperrimus,Serangga-tongkat asperrimus,1416014.0,,,,,NE,
1416015,"Aretaon muscosus (Redtenbacher, 1906)",1416015,"Aretaon muscosus (Redtenbacher, 1906)",SPECIES,ACCEPTED,,,,,Animalia,Hewan,1,,,,,Arthropoda,Hewan beruas,54,,,,,Insecta,Serangga,216,,,,,Phasmida,Serangga-tongkat,1460,,,,,Heteropterygidae,Serangga-tongkat Heteropterygid,5529,,,,,,,,,Aretaon,Serangga-tongkat Aretaon,1416013.0,,,Aretaon muscosus,Serangga-tongkat muscosus,1416015.0,,,,,NE,
1416024,"Epidares nolimetangere (de Haan, 1842)",1416024,"Epidares nolimetangere (de Haan, 1842)",SPECIES,ACCEPTED,,,,,Animalia,Hewan,1,,,,,Arthropoda,Hewan beruas,54,,,,,Insecta,Serangga,216,,,,,Phasmida,Serangga-tongkat,1460,,,,,Heteropterygidae,Serangga-tongkat Heteropterygid,5529,,,,,,,,,Epidares,Serangga-tongkat Epidares,1416023.0,,,Epidares nolimetangere,Serangga-tongkat larangan,1416024.0,,,,,NE,
1416034,"Hoploclonia gecko (Westwood, 1859)",1416034,"Hoploclonia gecko (Westwood, 1859)",SPECIES,ACCEPTED,,,,,Animalia,Hewan,1,,,,,Arthropoda,Hewan beruas,54,,,,,Insecta,Serangga,216,,,,,Phasmida,Serangga-tongkat,1460,,,,,Heteropterygidae,Serangga-tongkat Heteropterygid,5529,,,,,,,,,Hoploclonia,Serangga-tongkat Hoploclonia,1416032.0,,,Hoploclonia gecko,Serangga-tongkat gecko,1416034.0,,,,,NE,
1416044,"Pylaemenes borneensis (Bragg, 1998)",1416044,"Pylaemenes borneensis (Bragg, 1998)",SPECIES,ACCEPTED,,,,,Animalia,Hewan,1,,,,,Arthropoda,Hewan beruas,54,,,,,Insecta,Serangga,216,,,,,Phasmida,Serangga-tongkat,1460,,,,,Heteropterygidae,Serangga-tongkat Heteropterygid,5529,,,,,,,,,Pylaemenes,Serangga-tongkat Pylaemenes,1416042.0,,,Pylaemenes borneensis,Serangga-tongkat borneensis,1416044.0,,,,,NE,
1416064,"Pylaemenes mitratus (Redtenbacher, 1906)",1416064,"Pylaemenes mitratus (Redtenbacher, 1906)",SPECIES,ACCEPTED,,,,,Animalia,Hewan,1,,,,,Arthropoda,Hewan beruas,54,,,,,Insecta,Serangga,216,,,,,Phasmida,Serangga-tongkat,1460,,,,,Heteropterygidae,Serangga-tongkat Heteropterygid,5529,,,,,,,,,Pylaemenes,Serangga-tongkat Pylaemenes,1416042.0,,,Pylaemenes mitratus,Serangga-tongkat mitratus,1416064.0,,,,,NE,
1416069,"Pylaemenes coronatus (de Haan, 1842)",1416069,"Pylaemenes coronatus (de Haan, 1842)",SPECIES,ACCEPTED,,,,,Animalia,Hewan,1,,,,,Arthropoda,Hewan beruas,54,,,,,Insecta,Serangga,216,,,,,Phasmida,Serangga-tongkat,1460,,,,,Heteropterygidae,Serangga-tongkat Heteropterygid,5529,,,,,,,,,Pylaemenes,Serangga-tongkat Pylaemenes,1416042.0,,,Pylaemenes coronatus,Serangga-tongkat coronatus,1416069.0,,,,,NE,
1416076,"Pylaemenes moluccanus (Redtenbacher, 1906)",1416076,"Pylaemenes moluccanus (Redtenbacher, 1906)",SPECIES,ACCEPTED,,,,,Animalia,Hewan,1,,,,,Arthropoda,Hewan beruas,54,,,,,Insecta,Serangga,216,,,,,Phasmida,Serangga-tongkat,1460,,,,,Heteropterygidae,Serangga-tongkat Heteropterygid,5529,,,,,,,,,Pylaemenes,Serangga-tongkat Pylaemenes,1416042.0,,,Pylaemenes moluccanus,Serangga-tongkat moluccanus,1416076.0,,,,,NE,
1416078,"Pylaemenes oileus (Westwood, 1859)",1416078,"Pylaemenes oileus (Westwood, 1859)",SPECIES,ACCEPTED,,,,,Animalia,Hewan,1,,,,,Arthropoda,Hewan beruas,54,,,,,Insecta,Serangga,216,,,,,Phasmida,Serangga-tongkat,1460,,,,,Heteropterygidae,Serangga-tongkat Heteropterygid,5529,,,,,,,,,Pylaemenes,Serangga-tongkat Pylaemenes,1416042.0,,,Pylaemenes oileus,Serangga-tongkat oileus,1416078.0,,,,,NE,
8786003,Pylaemenes sepilokensis sepilokensis,8786003,Pylaemenes sepilokensis sepilokensis,SUBSPECIES,ACCEPTED,,,,,Animalia,Hewan,1,,,,,Arthropoda,Hewan beruas,54,,,,,Insecta,Serangga,216,,,,,Phasmida,Serangga-tongkat,1460,,,,,Heteropterygidae,Serangga-tongkat Heteropterygid,5529,,,,,,,,,Pylaemenes,Serangga-tongkat Pylaemenes,1416042.0,,,Pylaemenes sepilokensis,Serangga-tongkat sepilokensis,8875033.0,,,,,,
11375957,"Pylaemenes longispinus Seow-Choen, 2018",11375957,"Pylaemenes longispinus Seow-Choen, 2018",SPECIES,ACCEPTED,,,,,Animalia,Hewan,1,,,,,Arthropoda,Hewan beruas,54,,,,,Insecta,Serangga,216,,,,,Phasmida,Serangga-tongkat,1460,,,,,Heteropterygidae,Serangga-tongkat Heteropterygid,5529,,,,,,,,,Pylaemenes,Serangga-tongkat Pylaemenes,1416042.0,,,Pylaemenes longispinus,Serangga-tongkat longispinus,11375957.0,,,,,NE,
12249679,"Pylaemenes pleurospinosus Hennemann & Le Tirant, 2021",12249679,"Pylaemenes pleurospinosus Hennemann & Le Tirant, 2021",SPECIES,ACCEPTED,,,,,Animalia,Hewan,1,,,,,Arthropoda,Hewan beruas,54,,,,,Insecta,Serangga,216,,,,,Phasmida,Serangga-tongkat,1460,,,,,Heteropterygidae,Serangga-tongkat Heteropterygid,5529,,,,,,,,,Pylaemenes,Serangga-tongkat Pylaemenes,1416042.0,,,Pylaemenes pleurospinosus,Serangga-tongkat pleurospinosus,12249679.0,,,,,NE,
5050613,"Heteropteryx dilatata (Parkinson, 1798)",5050613,"Heteropteryx dilatata (Parkinson, 1798)",SPECIES,ACCEPTED,,,,,Animalia,Hewan,1,,,,,Arthropoda,Hewan beruas,54,,,,,Insecta,Serangga,216,,,,,Phasmida,Serangga-tongkat,1460,,,,,Heteropterygidae,Serangga-tongkat Heteropterygid,5529,,,,,,,,,Heteropteryx,Serangga-tongkat Heteropteryx,1416099.0,,,Heteropteryx dilatata,Serangga-alihrupa hutan malaya,5050613.0,,,,,NE,
10610216,BOLD:ADC8792,10610216,BOLD:ADC8792,SPECIES,ACCEPTED,,,,,Animalia,Hewan,1,,,,,Arthropoda,Hewan beruas,54,,,,,Insecta,Serangga,216,,,,,Phasmida,Serangga-tongkat,1460,,,,,Heteropterygidae,Serangga-tongkat Heteropterygid,5529,,,,,,,,,Heteropteryx,Serangga-tongkat Heteropteryx,1416099.0,,,Heteropteryx dilatata,Serangga-tongkat dilatata,5050613.0,,,,,,
1416115,"Dares ulula (Westwood, 1859)",1416115,"Dares ulula (Westwood, 1859)",SPECIES,ACCEPTED,,,,,Animalia,Hewan,1,,,,,Arthropoda,Hewan beruas,54,,,,,Insecta,Serangga,216,,,,,Phasmida,Serangga-tongkat,1460,,,,,Heteropterygidae,Serangga-tongkat Heteropterygid,5529,,,,,,,,,Dares,Serangga-tongkat Dares,1416112.0,,,Dares ulula,Serangga-tongkat ulula,1416115.0,,,,,NE,
1416122,"Dares validispinus St√•l, 1875",1416122,"Dares validispinus St√•l, 1875",SPECIES,ACCEPTED,,,,,Animalia,Hewan,1,,,,,Arthropoda,Hewan beruas,54,,,,,Insecta,Serangga,216,,,,,Phasmida,Serangga-tongkat,1460,,,,,Heteropterygidae,Serangga-tongkat Heteropterygid,5529,,,,,,,,,Dares,Serangga-tongkat Dares,1416112.0,,,Dares validispinus,Serangga-tongkat validispinus,1416122.0,,,,,NE,
1416124,"Dares navangensis Bragg, 1998",1416124,"Dares navangensis Bragg, 1998",SPECIES,ACCEPTED,,,,,Animalia,Hewan,1,,,,,Arthropoda,Hewan beruas,54,,,,,Insecta,Serangga,216,,,,,Phasmida,Serangga-tongkat,1460,,,,,Heteropterygidae,Serangga-tongkat Heteropterygid,5529,,,,,,,,,Dares,Serangga-tongkat Dares,1416112.0,,,Dares navangensis,Serangga-tongkat navangensis,1416124.0,,,,,NE,
1416126,"Dares verrucosus Redtenbacher, 1906",1416126,"Dares verrucosus Redtenbacher, 1906",SPECIES,ACCEPTED,,,,,Animalia,Hewan,1,,,,,Arthropoda,Hewan beruas,54,,,,,Insecta,Serangga,216,,,,,Phasmida,Serangga-tongkat,1460,,,,,Heteropterygidae,Serangga-tongkat Heteropterygid,5529,,,,,,,,,Dares,Serangga-tongkat Dares,1416112.0,,,Dares verrucosus,Serangga-tongkat verrucosus,1416126.0,,,,,NE,
1415667,"Presbistus peleus (Gray, 1835)",1415667,"Presbistus peleus (Gray, 1835)",SPECIES,ACCEPTED,,,,,Animalia,Hewan,1,,,,,Arthropoda,Hewan beruas,54,,,,,Insecta,Serangga,216,,,,,Phasmida,Serangga-tongkat,1460,,,,,Aschiphasmatidae,Serangga-tongkat Aschiphasmatid,7738,,,,,,,,,Presbistus,Serangga-tongkat Presbistus,1409355.0,,,Presbistus peleus,Serangga-tongkat peleus,1415667.0,,,,,NE,
11370171,Presbistus asymmetricus asymmetricus,11370171,Presbistus asymmetricus asymmetricus,SUBSPECIES,ACCEPTED,,,,,Animalia,Hewan,1,,,,,Arthropoda,Hewan beruas,54,,,,,Insecta,Serangga,216,,,,,Phasmida,Serangga-tongkat,1460,,,,,Aschiphasmatidae,Serangga-tongkat Aschiphasmatid,7738,,,,,,,,,Presbistus,Serangga-tongkat Presbistus,1409355.0,,,Presbistus asymmetricus,Serangga-tongkat asymmetricus,11377257.0,,,,,,
1415589,"Abrosoma festinatum Brock & Seow-Choen, 1995",1415589,"Abrosoma festinatum Brock & Seow-Choen, 1995",SPECIES,ACCEPTED,,,,,Animalia,Hewan,1,,,,,Arthropoda,Hewan beruas,54,,,,,Insecta,Serangga,216,,,,,Phasmida,Serangga-tongkat,1460,,,,,Aschiphasmatidae,Serangga-tongkat Aschiphasmatid,7738,,,,,,,,,Abrosoma,Serangga-tongkat Abrosoma,1415588.0,,,Abrosoma festinatum,Serangga-tongkat festinatum,1415589.0,,,,,NE,
1415601,"Abrosoma gibberum Brock & Seow-Choen, 1995",1415601,"Abrosoma gibberum Brock & Seow-Choen, 1995",SPECIES,ACCEPTED,,,,,Animalia,Hewan,1,,,,,Arthropoda,Hewan beruas,54,,,,,Insecta,Serangga,216,,,,,Phasmida,Serangga-tongkat,1460,,,,,Aschiphasmatidae,Serangga-tongkat Aschiphasmatid,7738,,,,,,,,,Abrosoma,Serangga-tongkat Abrosoma,1415588.0,,,Abrosoma gibberum,Serangga-tongkat gibberum,1415601.0,,,,,NE,
1415614,"Aschiphasma annulipes Westwood, 1835",1415614,"Aschiphasma annulipes Westwood, 1835",SPECIES,ACCEPTED,,,,,Animalia,Hewan,1,,,,,Arthropoda,Hewan beruas,54,,,,,Insecta,Serangga,216,,,,,Phasmida,Serangga-tongkat,1460,,,,,Aschiphasmatidae,Serangga-tongkat Aschiphasmatid,7738,,,,,,,,,Aschiphasma,Serangga-tongkat Aschiphasma,1415613.0,,,Aschiphasma annulipes,Serangga-tongkat annulipes,1415614.0,,,,,NE,
1415627,"Orthomeria forstenii (de Haan, 1842)",1415627,"Orthomeria forstenii (de Haan, 1842)",SPECIES,ACCEPTED,,,,,Animalia,Hewan,1,,,,,Arthropoda,Hewan beruas,54,,,,,Insecta,Serangga,216,,,,,Phasmida,Serangga-tongkat,1460,,,,,Aschiphasmatidae,Serangga-tongkat Aschiphasmatid,7738,,,,,,,,,Orthomeria,Serangga-tongkat Orthomeria,1415626.0,,,Orthomeria forstenii,Serangga-tongkat forstenii,1415627.0,,,,,NE,
1415630,"Orthomeria superba (Redtenbacher, 1906)",1415630,"Orthomeria superba (Redtenbacher, 1906)",SPECIES,ACCEPTED,,,,,Animalia,Hewan,1,,,,,Arthropoda,Hewan beruas,54,,,,,Insecta,Serangga,216,,,,,Phasmida,Serangga-tongkat,1460,,,,,Aschiphasmatidae,Serangga-tongkat Aschiphasmatid,7738,,,,,,,,,Orthomeria,Serangga-tongkat Orthomeria,1415626.0,,,Orthomeria superba,Serangga-tongkat superba,1415630.0,,,,,NE,
1415645,"Orthomeria smaragdinum (Redtenbacher, 1906)",1415645,"Orthomeria smaragdinum (Redtenbacher, 1906)",SPECIES,ACCEPTED,,,,,Animalia,Hewan,1,,,,,Arthropoda,Hewan beruas,54,,,,,Insecta,Serangga,216,,,,,Phasmida,Serangga-tongkat,1460,,,,,Aschiphasmatidae,Serangga-tongkat Aschiphasmatid,7738,,,,,,,,,Orthomeria,Serangga-tongkat Orthomeria,1415626.0,,,Orthomeria smaragdinum,Serangga-tongkat smaragdinum,1415645.0,,,,,NE,
12187949,"Orthomeria limogesi Hennemann & Le Tirant, 2021",12187949,"Orthomeria limogesi Hennemann & Le Tirant, 2021",SPECIES,ACCEPTED,,,,,Animalia,Hewan,1,,,,,Arthropoda,Hewan beruas,54,,,,,Insecta,Serangga,216,,,,,Phasmida,Serangga-tongkat,1460,,,,,Aschiphasmatidae,Serangga-tongkat Aschiphasmatid,7738,,,,,,,,,Orthomeria,Serangga-tongkat Orthomeria,1415626.0,,,Orthomeria limogesi,Serangga-tongkat limogesi,12187949.0,,,,,NE,
1415657,"Dajaca monilicornis Redtenbacher, 1906",1415657,"Dajaca monilicornis Redtenbacher, 1906",SPECIES,ACCEPTED,,,,,Animalia,Hewan,1,,,,,Arthropoda,Hewan beruas,54,,,,,Insecta,Serangga,216,,,,,Phasmida,Serangga-tongkat,1460,,,,,Aschiphasmatidae,Serangga-tongkat Aschiphasmatid,7738,,,,,,,,,Dajaca,Serangga-tongkat Dajaca,1415651.0,,,Dajaca monilicornis,Serangga-tongkat monilicornis,1415657.0,,,,,NE,
1415690,"Dinophasma mjobergi Bragg, 2001",1415690,"Dinophasma mjobergi Bragg, 2001",SPECIES,ACCEPTED,,,,,Animalia,Hewan,1,,,,,Arthropoda,Hewan beruas,54,,,,,Insecta,Serangga,216,,,,,Phasmida,Serangga-tongkat,1460,,,,,Aschiphasmatidae,Serangga-tongkat Aschiphasmatid,7738,,,,,,,,,Dinophasma,Serangga-tongkat Dinophasma,1415688.0,,,Dinophasma mjobergi,Serangga-tongkat mjobergi,1415690.0,,,,,NE,
1415698,"Dinophasma braggi (Zompro, 2004)",1415698,"Dinophasma braggi (Zompro, 2004)",SPECIES,ACCEPTED,,,,,Animalia,Hewan,1,,,,,Arthropoda,Hewan beruas,54,,,,,Insecta,Serangga,216,,,,,Phasmida,Serangga-tongkat,1460,,,,,Aschiphasmatidae,Serangga-tongkat Aschiphasmatid,7738,,,,,,,,,Dinophasma,Serangga-tongkat Dinophasma,1415688.0,,,Dinophasma braggi,Serangga-tongkat braggi,1415698.0,,,,,NE,
9454169,"Chlorobistus xiuyuae (Brock & Seow-Choen, 1999)",9454169,"Chlorobistus xiuyuae (Brock & Seow-Choen, 1999)",SPECIES,ACCEPTED,,,,,Animalia,Hewan,1,,,,,Arthropoda,Hewan beruas,54,,,,,Insecta,Serangga,216,,,,,Phasmida,Serangga-tongkat,1460,,,,,Aschiphasmatidae,Serangga-tongkat Aschiphasmatid,7738,,,,,,,,,Chlorobistus,Serangga-tongkat Chlorobistus,1415707.0,,,Chlorobistus xiuyuae,Serangga-tongkat xiuyuae,9454169.0,,,,,NE,
1415722,"Parabrosoma bispinosum (Dohrn, 1910)",1415722,"Parabrosoma bispinosum (Dohrn, 1910)",SPECIES,ACCEPTED,,,,,Animalia,Hewan,1,,,,,Arthropoda,Hewan beruas,54,,,,,Insecta,Serangga,216,,,,,Phasmida,Serangga-tongkat,1460,,,,,Aschiphasmatidae,Serangga-tongkat Aschiphasmatid,7738,,,,,,,,,Parabrosoma,Serangga-tongkat Parabrosoma,1415721.0,,,Parabrosoma bispinosum,Serangga-tongkat bispinosum,1415722.0,,,,,NE,
11374323,"Parabrosoma brevifemurum Seow-Choen, 2018",11374323,"Parabrosoma brevifemurum Seow-Choen, 2018",SPECIES,ACCEPTED,,,,,Animalia,Hewan,1,,,,,Arthropoda,Hewan beruas,54,,,,,Insecta,Serangga,216,,,,,Phasmida,Serangga-tongkat,1460,,,,,Aschiphasmatidae,Serangga-tongkat Aschiphasmatid,7738,,,,,,,,,Parabrosoma,Serangga-tongkat Parabrosoma,1415721.0,,,Parabrosoma brevifemurum,Serangga-tongkat brevifemurum,11374323.0,,,,,NE,
1415729,"Ommatopseudes harmani (Brock, 1995)",1415729,"Ommatopseudes harmani (Brock, 1995)",SPECIES,ACCEPTED,,,,,Animalia,Hewan,1,,,,,Arthropoda,Hewan beruas,54,,,,,Insecta,Serangga,216,,,,,Phasmida,Serangga-tongkat,1460,,,,,Aschiphasmatidae,Serangga-tongkat Aschiphasmatid,7738,,,,,,,,,Ommatopseudes,Serangga-tongkat Ommatopseudes,1415728.0,,,Ommatopseudes harmani,Serangga-tongkat harmani,1415729.0,,,,,NE,
11377348,"Ommatopseudes jalii Seow-Choen, 2018",11377348,"Ommatopseudes jalii Seow-Choen, 2018",SPECIES,ACCEPTED,,,,,Animalia,Hewan,1,,,,,Arthropoda,Hewan beruas,54,,,,,Insecta,Serangga,216,,,,,Phasmida,Serangga-tongkat,1460,,,,,Aschiphasmatidae,Serangga-tongkat Aschiphasmatid,7738,,,,,,,,,Ommatopseudes,Serangga-tongkat Ommatopseudes,1415728.0,,,Ommatopseudes jalii,Serangga-tongkat jalii,11377348.0,,,,,NE,
1415750,"Coloratobistus discolor (Redtenbacher, 1906)",1415750,"Coloratobistus discolor (Redtenbacher, 1906)",SPECIES,ACCEPTED,,,,,Animalia,Hewan,1,,,,,Arthropoda,Hewan beruas,54,,,,,Insecta,Serangga,216,,,,,Phasmida,Serangga-tongkat,1460,,,,,Aschiphasmatidae,Serangga-tongkat Aschiphasmatid,7738,,,,,,,,,Coloratobistus,Serangga-tongkat Coloratobistus,1415746.0,,,Coloratobistus discolor,Serangga-tongkat discolor,1415750.0,,,,,NE,
8794503,"Parorthomeria alexis (Westwood, 1859)",8794503,"Parorthomeria alexis (Westwood, 1859)",SPECIES,ACCEPTED,,,,,Animalia,Hewan,1,,,,,Arthropoda,Hewan beruas,54,,,,,Insecta,Serangga,216,,,,,Phasmida,Serangga-tongkat,1460,,,,,Aschiphasmatidae,Serangga-tongkat Aschiphasmatid,7738,,,,,,,,,Parorthomeria,Serangga-tongkat Parorthomeria,9014575.0,,,Parorthomeria alexis,Serangga-tongkat alexis,8794503.0,,,,,NE,
10671853,"Nanophyllium daphne Cumming, Le Tirant, Teemsma, Hennemann, Willemse & B√ºscher, 2020",10671853,"Nanophyllium daphne Cumming, Le Tirant, Teemsma, Hennemann, Willemse & B√ºscher, 2020",SPECIES,ACCEPTED,,,,,Animalia,Hewan,1,,,,,Arthropoda,Hewan beruas,54,,,,,Insecta,Serangga,216,,,,,Phasmida,Serangga-tongkat,1460,,,,,Phylliidae,Serangga-daun,9461,,,,,,,,,Nanophyllium,Serangga-daun Nanophyllium,1415377.0,,,Nanophyllium daphne,Serangga-daun daphne,10671853.0,,,,,NE,
1415377,"Nanophyllium Redtenbacher, 1906",1415377,"Nanophyllium Redtenbacher, 1906",GENUS,ACCEPTED,,,,,Animalia,Hewan,1,,,,,Arthropoda,Hewan beruas,54,,,,,Insecta,Serangga,216,,,,,Phasmida,Serangga-tongkat,1460,,,,,Phylliidae,Serangga-daun,9461,,,,,,,,,Nanophyllium,Serangga-daun Nanophyllium,1415377.0,,,,,,,,,,NE,
10660403,"Phyllium tobeloense bhaskarai Cumming, Le Tirant & Hennemann, 2019",10660403,"Phyllium tobeloense bhaskarai Cumming, Le Tirant & Hennemann, 2019",SUBSPECIES,ACCEPTED,,,,,Animalia,Hewan,1,,,,,Arthropoda,Hewan beruas,54,,,,,Insecta,Serangga,216,,,,,Phasmida,Serangga-tongkat,1460,,,,,Phylliidae,Serangga-daun,9461,,,,,,,,,Phyllium,Serangga-daun Phyllium,1415386.0,,,Phyllium tobeloense,Serangga-daun tobeloense,1415436.0,,,,,,
1415450,"Phyllium hausleithneri Brock, 1999",1415450,"Phyllium hausleithneri Brock, 1999",SPECIES,ACCEPTED,,,,,Animalia,Hewan,1,,,,,Arthropoda,Hewan beruas,54,,,,,Insecta,Serangga,216,,,,,Phasmida,Serangga-tongkat,1460,,,,,Phylliidae,Serangga-daun,9461,,,,,,,,,Phyllium,Serangga-daun Phyllium,1415386.0,,,Phyllium hausleithneri,Serangga-daun hausleithneri,1415450.0,,,,,NE,
8333250,"Phyllium telnovi Brock, 2014",8333250,"Phyllium telnovi Brock, 2014",SPECIES,ACCEPTED,,,,,Animalia,Hewan,1,,,,,Arthropoda,Hewan beruas,54,,,,,Insecta,Serangga,216,,,,,Phasmida,Serangga-tongkat,1460,,,,,Phylliidae,Serangga-daun,9461,,,,,,,,,Phyllium,Serangga-daun Phyllium,1415386.0,,,Phyllium telnovi,Serangga-daun telnovi,8333250.0,,,,,NE,
9226045,"Phyllium arthurchungi Seow-Choen, 2016",9226045,"Phyllium arthurchungi Seow-Choen, 2016",SPECIES,ACCEPTED,,,,,Animalia,Hewan,1,,,,,Arthropoda,Hewan beruas,54,,,,,Insecta,Serangga,216,,,,,Phasmida,Serangga-tongkat,1460,,,,,Phylliidae,Serangga-daun,9461,,,,,,,,,Phyllium,Serangga-daun Phyllium,1415386.0,,,Phyllium arthurchungi,Serangga-daun arthurchungi,9226045.0,,,,,NE,
9255610,"Phyllium cummingi Seow-Choen, 2017",9255610,"Phyllium cummingi Seow-Choen, 2017",SPECIES,ACCEPTED,,,,,Animalia,Hewan,1,,,,,Arthropoda,Hewan beruas,54,,,,,Insecta,Serangga,216,,,,,Phasmida,Serangga-tongkat,1460,,,,,Phylliidae,Serangga-daun,9461,,,,,,,,,Phyllium,Serangga-daun Phyllium,1415386.0,,,Phyllium cummingi,Serangga-daun cummingi,9255610.0,,,,,NE,
9266119,"Phyllium rubrum Cumming, Le Tirant & Teemsma, 2018",9266119,"Phyllium rubrum Cumming, Le Tirant & Teemsma, 2018",SPECIES,ACCEPTED,,,,,Animalia,Hewan,1,,,,,Arthropoda,Hewan beruas,54,,,,,Insecta,Serangga,216,,,,,Phasmida,Serangga-tongkat,1460,,,,,Phylliidae,Serangga-daun,9461,,,,,,,,,Phyllium,Serangga-daun Phyllium,1415386.0,,,Phyllium rubrum,Serangga-daun rubrum,9266119.0,,,,,NE,
9526220,"Phyllium bradleri Seow-Choen, 2017",9526220,"Phyllium bradleri Seow-Choen, 2017",SPECIES,ACCEPTED,,,,,Animalia,Hewan,1,,,,,Arthropoda,Hewan beruas,54,,,,,Insecta,Serangga,216,,,,,Phasmida,Serangga-tongkat,1460,,,,,Phylliidae,Serangga-daun,9461,,,,,,,,,Phyllium,Serangga-daun Phyllium,1415386.0,,,Phyllium bradleri,Serangga-daun bradleri,9526220.0,,,,,NE,
9572616,"Phyllium chenqiae Seow-Choen, 2017",9572616,"Phyllium chenqiae Seow-Choen, 2017",SPECIES,ACCEPTED,,,,,Animalia,Hewan,1,,,,,Arthropoda,Hewan beruas,54,,,,,Insecta,Serangga,216,,,,,Phasmida,Serangga-tongkat,1460,,,,,Phylliidae,Serangga-daun,9461,,,,,,,,,Phyllium,Serangga-daun Phyllium,1415386.0,,,Phyllium chenqiae,Serangga-daun chenqiae,9572616.0,,,,,NE,
9775149,"Phyllium letiranti Cumming & Teemsma, 2018",9775149,"Phyllium letiranti Cumming & Teemsma, 2018",SPECIES,ACCEPTED,,,,,Animalia,Hewan,1,,,,,Arthropoda,Hewan beruas,54,,,,,Insecta,Serangga,216,,,,,Phasmida,Serangga-tongkat,1460,,,,,Phylliidae,Serangga-daun,9461,,,,,,,,,Phyllium,Serangga-daun Phyllium,1415386.0,,,Phyllium letiranti,Serangga-daun letiranti,9775149.0,,,,,NE,
9789296,"Phyllium siccifolium (Linnaeus, 1758)",9789296,"Phyllium siccifolium (Linnaeus, 1758)",SPECIES,ACCEPTED,,,,,Animalia,Hewan,1,,,,,Arthropoda,Hewan beruas,54,,,,,Insecta,Serangga,216,,,,,Phasmida,Serangga-tongkat,1460,,,,,Phylliidae,Serangga-daun,9461,,,,,,,,,Phyllium,Serangga-daun Phyllium,1415386.0,,,Phyllium siccifolium,Serangga-daun siccifolium,9789296.0,,,,,NE,
10670883,"Phyllium gardabagusi Cumming, Bank, Le Tirant & Bradler, 2020",10670883,"Phyllium gardabagusi Cumming, Bank, Le Tirant & Bradler, 2020",SPECIES,ACCEPTED,,,,,Animalia,Hewan,1,,,,,Arthropoda,Hewan beruas,54,,,,,Insecta,Serangga,216,,,,,Phasmida,Serangga-tongkat,1460,,,,,Phylliidae,Serangga-daun,9461,,,,,,,,,Phyllium,Serangga-daun Phyllium,1415386.0,,,Phyllium gardabagusi,Serangga-daun gardabagus,10670883.0,,,,,NE,
10844668,"Phyllium nisus Cumming, Bank, Le Tirant & Bradler, 2020",10844668,"Phyllium nisus Cumming, Bank, Le Tirant & Bradler, 2020",SPECIES,ACCEPTED,,,,,Animalia,Hewan,1,,,,,Arthropoda,Hewan beruas,54,,,,,Insecta,Serangga,216,,,,,Phasmida,Serangga-tongkat,1460,,,,,Phylliidae,Serangga-daun,9461,,,,,,,,,Phyllium,Serangga-daun Phyllium,1415386.0,,,Phyllium nisus,Serangga-daun nisus,10844668.0,,,,,NE,
11371056,"Phyllium conlei Cumming, Valero & Teemsma, 2018",11371056,"Phyllium conlei Cumming, Valero & Teemsma, 2018",SPECIES,ACCEPTED,,,,,Animalia,Hewan,1,,,,,Arthropoda,Hewan beruas,54,,,,,Insecta,Serangga,216,,,,,Phasmida,Serangga-tongkat,1460,,,,,Phylliidae,Serangga-daun,9461,,,,,,,,,Phyllium,Serangga-daun Phyllium,1415386.0,,,Phyllium conlei,Serangga-daun conlei,11371056.0,,,,,NE,
1415386,"Phyllium Illiger, 1798",1415386,"Phyllium Illiger, 1798",GENUS,ACCEPTED,,,,,Animalia,Hewan,1,,,,,Arthropoda,Hewan beruas,54,,,,,Insecta,Serangga,216,,,,,Phasmida,Serangga-tongkat,1460,,,,,Phylliidae,Serangga-daun,9461,,,,,,,,,Phyllium,Serangga-daun Phyllium,1415386.0,,,,,,,,,,NE,
1415413,"Pulchriphyllium bioculatum (Gray, 1832)",1415413,"Pulchriphyllium bioculatum (Gray, 1832)",SPECIES,ACCEPTED,,,,,Animalia,Hewan,1,,,,,Arthropoda,Hewan beruas,54,,,,,Insecta,Serangga,216,,,,,Phasmida,Serangga-tongkat,1460,,,,,Phylliidae,Serangga-daun,9461,,,,,,,,,Pulchriphyllium,Serangga-daun Pulchriphyllium,1415471.0,,,Pulchriphyllium bioculatum,Serangga-daun bioculatum,1415413.0,,,,,NE,
1415418,"Pulchriphyllium pulchrifolium (Audinet-Serville, 1838)",1415418,"Pulchriphyllium pulchrifolium (Audinet-Serville, 1838)",SPECIES,ACCEPTED,,,,,Animalia,Hewan,1,,,,,Arthropoda,Hewan beruas,54,,,,,Insecta,Serangga,216,,,,,Phasmida,Serangga-tongkat,1460,,,,,Phylliidae,Serangga-daun,9461,,,,,,,,,Pulchriphyllium,Serangga-daun Pulchriphyllium,1415471.0,,,Pulchriphyllium pulchrifolium,Serangga-daun pulchrifolium,1415418.0,,,,,NE,
11372595,"Pulchriphyllium giganteum (Hausleithner, 1984)",11372595,"Pulchriphyllium giganteum (Hausleithner, 1984)",SPECIES,ACCEPTED,,,,,Animalia,Hewan,1,,,,,Arthropoda,Hewan beruas,54,,,,,Insecta,Serangga,216,,,,,Phasmida,Serangga-tongkat,1460,,,,,Phylliidae,Serangga-daun,9461,,,,,,,,,Pulchriphyllium,Serangga-daun Pulchriphyllium,1415471.0,,,Pulchriphyllium giganteum,Serangga-daun gergasi,11372595.0,,,,,NE,
11375965,"Pulchriphyllium mannani (Seow-Choen, 2017)",11375965,"Pulchriphyllium mannani (Seow-Choen, 2017)",SPECIES,ACCEPTED,,,,,Animalia,Hewan,1,,,,,Arthropoda,Hewan beruas,54,,,,,Insecta,Serangga,216,,,,,Phasmida,Serangga-tongkat,1460,,,,,Phylliidae,Serangga-daun,9461,,,,,,,,,Pulchriphyllium,Serangga-daun Pulchriphyllium,1415471.0,,,Pulchriphyllium mannani,Serangga-daun mannani,11375965.0,,,,,NE,
11376112,"Pulchriphyllium abdulfatahi (Seow-Choen, 2017)",11376112,"Pulchriphyllium abdulfatahi (Seow-Choen, 2017)",SPECIES,ACCEPTED,,,,,Animalia,Hewan,1,,,,,Arthropoda,Hewan beruas,54,,,,,Insecta,Serangga,216,,,,,Phasmida,Serangga-tongkat,1460,,,,,Phylliidae,Serangga-daun,9461,,,,,,,,,Pulchriphyllium,Serangga-daun Pulchriphyllium,1415471.0,,,Pulchriphyllium abdulfatahi,Serangga-daun abdulfatahi,11376112.0,,,,,NE,
11377847,"Pulchriphyllium fredkugani (Seow-Choen, 2017)",11377847,"Pulchriphyllium fredkugani (Seow-Choen, 2017)",SPECIES,ACCEPTED,,,,,Animalia,Hewan,1,,,,,Arthropoda,Hewan beruas,54,,,,,Insecta,Serangga,216,,,,,Phasmida,Serangga-tongkat,1460,,,,,Phylliidae,Serangga-daun,9461,,,,,,,,,Pulchriphyllium,Serangga-daun Pulchriphyllium,1415471.0,,,Pulchriphyllium fredkugani,Serangga-daun fredkugani,11377847.0,,,,,NE,
11379138,"Pulchriphyllium shurei (Cumming & Le Tirant, 2018)",11379138,"Pulchriphyllium shurei (Cumming & Le Tirant, 2018)",SPECIES,ACCEPTED,,,,,Animalia,Hewan,1,,,,,Arthropoda,Hewan beruas,54,,,,,Insecta,Serangga,216,,,,,Phasmida,Serangga-tongkat,1460,,,,,Phylliidae,Serangga-daun,9461,,,,,,,,,Pulchriphyllium,Serangga-daun Pulchriphyllium,1415471.0,,,Pulchriphyllium shurei,Serangga-daun shurei,11379138.0,,,,,NE,
12217435,Pulchriphyllium delislei,12217435,Pulchriphyllium delislei,SPECIES,ACCEPTED,,,,,Animalia,Hewan,1,,,,,Arthropoda,Hewan beruas,54,,,,,Insecta,Serangga,216,,,,,Phasmida,Serangga-tongkat,1460,,,,,Phylliidae,Serangga-daun,9461,,,,,,,,,Pulchriphyllium,Serangga-daun Pulchriphyllium,1415471.0,,,Pulchriphyllium delislei,Serangga-daun delislei,12217435.0,,,,,NE,
1415471,"Pulchriphyllium Griffini, 1898",1415471,"Pulchriphyllium Griffini, 1898",GENUS,ACCEPTED,,,,,Animalia,Hewan,1,,,,,Arthropoda,Hewan beruas,54,,,,,Insecta,Serangga,216,,,,,Phasmida,Serangga-tongkat,1460,,,,,Phylliidae,Serangga-daun,9461,,,,,,,,,Pulchriphyllium,Serangga-daun Pulchriphyllium,1415471.0,,,,,,,,,,,
10743200,"Cryptophyllium celebicum (de Haan, 1842)",10743200,"Cryptophyllium celebicum (de Haan, 1842)",SPECIES,ACCEPTED,,,,,Animalia,Hewan,1,,,,,Arthropoda,Hewan beruas,54,,,,,Insecta,Serangga,216,,,,,Phasmida,Serangga-tongkat,1460,,,,,Phylliidae,Serangga-daun,9461,,,,,,,,,Cryptophyllium,Serangga-daun Cryptophyllium,10701843.0,,,Cryptophyllium celebicum,Serangga-daun celebicum,10743200.0,,,,,NE,
10851787,"Cryptophyllium chrisangi (Seow-Choen, 2017)",10851787,"Cryptophyllium chrisangi (Seow-Choen, 2017)",SPECIES,ACCEPTED,,,,,Animalia,Hewan,1,,,,,Arthropoda,Hewan beruas,54,,,,,Insecta,Serangga,216,,,,,Phasmida,Serangga-tongkat,1460,,,,,Phylliidae,Serangga-daun,9461,,,,,,,,,Cryptophyllium,Serangga-daun Cryptophyllium,10701843.0,,,Cryptophyllium chrisangi,Serangga-daun chrisangi,10851787.0,,,,,NE,
11124506,"Cryptophyllium echidna Cumming, Bank, Bresseel, Constant, Le Tirant, Dong, Sonet & Bradler, 2021",11124506,"Cryptophyllium echidna Cumming, Bank, Bresseel, Constant, Le Tirant, Dong, Sonet & Bradler, 2021",SPECIES,ACCEPTED,,,,,Animalia,Hewan,1,,,,,Arthropoda,Hewan beruas,54,,,,,Insecta,Serangga,216,,,,,Phasmida,Serangga-tongkat,1460,,,,,Phylliidae,Serangga-daun,9461,,,,,,,,,Cryptophyllium,Serangga-daun Cryptophyllium,10701843.0,,,Cryptophyllium echidna,Serangga-daun echidna,11124506.0,,,,,NE,
10701843,"Cryptophyllium Cumming, Bank, Bresseel, Constant, Le Tirant, Dong, Sonet & Bradler, 2021",10701843,"Cryptophyllium Cumming, Bank, Bresseel, Constant, Le Tirant, Dong, Sonet & Bradler, 2021",GENUS,ACCEPTED,,,,,Animalia,Hewan,1,,,,,Arthropoda,Hewan beruas,54,,,,,Insecta,Serangga,216,,,,,Phasmida,Serangga-tongkat,1460,,,,,Phylliidae,Serangga-daun,9461,,,,,,,,,Cryptophyllium,Serangga-daun Cryptophyllium,10701843.0,,,,,,,,,,,
12185090,"Acentetaphyllium larssoni (Cumming, 2017)",12185090,"Acentetaphyllium larssoni (Cumming, 2017)",SPECIES,ACCEPTED,,,,,Animalia,Hewan,1,,,,,Arthropoda,Hewan beruas,54,,,,,Insecta,Serangga,216,,,,,Phasmida,Serangga-tongkat,1460,,,,,Phylliidae,Serangga-daun,9461,,,,,,,,,Acentetaphyllium,Serangga-daun Acentetaphyllium,12019650.0,,,Acentetaphyllium larssoni,Serangga-daun larssoni,12185090.0,,,,,NE,
12230587,"Acentetaphyllium stellae (Cumming, 2016)",12230587,"Acentetaphyllium stellae (Cumming, 2016)",SPECIES,ACCEPTED,,,,,Animalia,Hewan,1,,,,,Arthropoda,Hewan beruas,54,,,,,Insecta,Serangga,216,,,,,Phasmida,Serangga-tongkat,1460,,,,,Phylliidae,Serangga-daun,9461,,,,,,,,,Acentetaphyllium,Serangga-daun Acentetaphyllium,12019650.0,,,Acentetaphyllium stellae,Serangga-daun stellae,12230587.0,,,,,NE,
1409221,"Lopaphus crishna (Westwood, 1859)",1409221,"Lopaphus crishna (Westwood, 1859)",SPECIES,ACCEPTED,,,,,Animalia,Hewan,1,,,,,Arthropoda,Hewan beruas,54,,,,,Insecta,Serangga,216,,,,,Phasmida,Serangga-tongkat,1460,,,,,Lonchodidae,Serangga-tongkat Lonchodid,3259900,,,,,,,,,Lopaphus,Serangga-tongkat Lopaphus,1409219.0,,,Lopaphus crishna,Serangga-tongkat crishna,1409221.0,,,,,NE,
1409238,"Lopaphus iolas (Westwood, 1859)",1409238,"Lopaphus iolas (Westwood, 1859)",SPECIES,ACCEPTED,,,,,Animalia,Hewan,1,,,,,Arthropoda,Hewan beruas,54,,,,,Insecta,Serangga,216,,,,,Phasmida,Serangga-tongkat,1460,,,,,Lonchodidae,Serangga-tongkat Lonchodid,3259900,,,,,,,,,Lopaphus,Serangga-tongkat Lopaphus,1409219.0,,,Lopaphus iolas,Serangga-tongkat iolas,1409238.0,,,,,NE,
1409247,"Lopaphus brachypterus (de Haan, 1842)",1409247,"Lopaphus brachypterus (de Haan, 1842)",SPECIES,ACCEPTED,,,,,Animalia,Hewan,1,,,,,Arthropoda,Hewan beruas,54,,,,,Insecta,Serangga,216,,,,,Phasmida,Serangga-tongkat,1460,,,,,Lonchodidae,Serangga-tongkat Lonchodid,3259900,,,,,,,,,Lopaphus,Serangga-tongkat Lopaphus,1409219.0,,,Lopaphus brachypterus,Serangga-tongkat brachypterus,1409247.0,,,,,NE,
11371361,"Lopaphus longicollis (Redtenbacher, 1908)",11371361,"Lopaphus longicollis (Redtenbacher, 1908)",SPECIES,ACCEPTED,,,,,Animalia,Hewan,1,,,,,Arthropoda,Hewan beruas,54,,,,,Insecta,Serangga,216,,,,,Phasmida,Serangga-tongkat,1460,,,,,Lonchodidae,Serangga-tongkat Lonchodid,3259900,,,,,,,,,Lopaphus,Serangga-tongkat Lopaphus,1409219.0,,,Lopaphus longicollis,Serangga-tongkat longicollis,11371361.0,,,,,NE,
1409293,"Orxines xiphias (Westwood, 1859)",1409293,"Orxines xiphias (Westwood, 1859)",SPECIES,ACCEPTED,,,,,Animalia,Hewan,1,,,,,Arthropoda,Hewan beruas,54,,,,,Insecta,Serangga,216,,,,,Phasmida,Serangga-tongkat,1460,,,,,Lonchodidae,Serangga-tongkat Lonchodid,3259900,,,,,,,,,Orxines,Serangga-tongkat Orxines,1409288.0,,,Orxines xiphias,Serangga-tongkat xiphias,1409293.0,,,,,NE,
1409288,"Orxines St√•l, 1875",1409288,"Orxines St√•l, 1875",GENUS,ACCEPTED,,,,,Animalia,Hewan,1,,,,,Arthropoda,Hewan beruas,54,,,,,Insecta,Serangga,216,,,,,Phasmida,Serangga-tongkat,1460,,,,,Lonchodidae,Serangga-tongkat Lonchodid,3259900,,,,,,,,,Orxines,Serangga-tongkat Orxines,1409288.0,,,,,,,,,,,
1409382,"Centrophasma longipennis (G√ºnther, 1944)",1409382,"Centrophasma longipennis (G√ºnther, 1944)",SPECIES,ACCEPTED,,,,,Animalia,Hewan,1,,,,,Arthropoda,Hewan beruas,54,,,,,Insecta,Serangga,216,,,,,Phasmida,Serangga-tongkat,1460,,,,,Lonchodidae,Serangga-tongkat Lonchodid,3259900,,,,,,,,,Centrophasma,Serangga-tongkat Centrophasma,1409378.0,,,Centrophasma longipennis,Serangga-tongkat longipennis,1409382.0,,,,,NE,
11375346,"Anarchodes annulipes (Gray, 1835)",11375346,"Anarchodes annulipes (Gray, 1835)",SPECIES,ACCEPTED,,,,,Animalia,Hewan,1,,,,,Arthropoda,Hewan beruas,54,,,,,Insecta,Serangga,216,,,,,Phasmida,Serangga-tongkat,1460,,,,,Lonchodidae,Serangga-tongkat Lonchodid,3259900,,,,,,,,,Anarchodes,Serangga-tongkat Anarchodes,1409399.0,,,Anarchodes annulipes,Serangga-tongkat annulipes,11375346.0,,,,,NE,
1409416,"Pseudodiacantha macklottii (de Haan, 1842)",1409416,"Pseudodiacantha macklottii (de Haan, 1842)",SPECIES,ACCEPTED,,,,,Animalia,Hewan,1,,,,,Arthropoda,Hewan beruas,54,,,,,Insecta,Serangga,216,,,,,Phasmida,Serangga-tongkat,1460,,,,,Lonchodidae,Serangga-tongkat Lonchodid,3259900,,,,,,,,,Pseudodiacantha,Serangga-tongkat Pseudodiacantha,1409409.0,,,Pseudodiacantha macklottii,Serangga-tongkat macklottii,1409416.0,,,,,NE,
1409501,"Neoclides laceratus (de Haan, 1842)",1409501,"Neoclides laceratus (de Haan, 1842)",SPECIES,ACCEPTED,,,,,Animalia,Hewan,1,,,,,Arthropoda,Hewan beruas,54,,,,,Insecta,Serangga,216,,,,,Phasmida,Serangga-tongkat,1460,,,,,Lonchodidae,Serangga-tongkat Lonchodid,3259900,,,,,,,,,Neoclides,Serangga-tongkat Neoclides,1409498.0,,,Neoclides laceratus,Serangga-tongkat laceratus,1409501.0,,,,,NE,
1409634,"Calvisia clarissima Redtenbacher, 1908",1409634,"Calvisia clarissima Redtenbacher, 1908",SPECIES,ACCEPTED,,,,,Animalia,Hewan,1,,,,,Arthropoda,Hewan beruas,54,,,,,Insecta,Serangga,216,,,,,Phasmida,Serangga-tongkat,1460,,,,,Lonchodidae,Serangga-tongkat Lonchodid,3259900,,,,,,,,,Calvisia,Serangga-tongkat Calvisia,1409632.0,,,Calvisia clarissima,Serangga-tongkat clarissima,1409634.0,,,,,NE,
1409640,"Calvisia hippolyte (Westwood, 1859)",1409640,"Calvisia hippolyte (Westwood, 1859)",SPECIES,ACCEPTED,,,,,Animalia,Hewan,1,,,,,Arthropoda,Hewan beruas,54,,,,,Insecta,Serangga,216,,,,,Phasmida,Serangga-tongkat,1460,,,,,Lonchodidae,Serangga-tongkat Lonchodid,3259900,,,,,,,,,Calvisia,Serangga-tongkat Calvisia,1409632.0,,,Calvisia hippolyte,Serangga-tongkat hippolyte,1409640.0,,,,,NE,
11373261,"Calvisia virbius semihilaris Redtenbacher, 1908",11373261,"Calvisia virbius semihilaris Redtenbacher, 1908",SUBSPECIES,ACCEPTED,,,,,Animalia,Hewan,1,,,,,Arthropoda,Hewan beruas,54,,,,,Insecta,Serangga,216,,,,,Phasmida,Serangga-tongkat,1460,,,,,Lonchodidae,Serangga-tongkat Lonchodid,3259900,,,,,,,,,Calvisia,Serangga-tongkat Calvisia,1409632.0,,,Calvisia virbius,Serangga-tongkat virbius,1409655.0,,,,,,
1409655,"Calvisia virbius (Westwood, 1859)",1409655,"Calvisia virbius (Westwood, 1859)",SPECIES,ACCEPTED,,,,,Animalia,Hewan,1,,,,,Arthropoda,Hewan beruas,54,,,,,Insecta,Serangga,216,,,,,Phasmida,Serangga-tongkat,1460,,,,,Lonchodidae,Serangga-tongkat Lonchodid,3259900,,,,,,,,,Calvisia,Serangga-tongkat Calvisia,1409632.0,,,Calvisia virbius,Serangga-tongkat virbius,1409655.0,,,,,NE,
11375991,Calvisia virbius virbius,11375991,Calvisia virbius virbius,SUBSPECIES,ACCEPTED,,,,,Animalia,Hewan,1,,,,,Arthropoda,Hewan beruas,54,,,,,Insecta,Serangga,216,,,,,Phasmida,Serangga-tongkat,1460,,,,,Lonchodidae,Serangga-tongkat Lonchodid,3259900,,,,,,,,,Calvisia,Serangga-tongkat Calvisia,1409632.0,,,Calvisia virbius,Serangga-tongkat virbius,1409655.0,,,,,,
1409670,"Calvisia sangarius (Westwood, 1859)",1409670,"Calvisia sangarius (Westwood, 1859)",SPECIES,ACCEPTED,,,,,Animalia,Hewan,1,,,,,Arthropoda,Hewan beruas,54,,,,,Insecta,Serangga,216,,,,,Phasmida,Serangga-tongkat,1460,,,,,Lonchodidae,Serangga-tongkat Lonchodid,3259900,,,,,,,,,Calvisia,Serangga-tongkat Calvisia,1409632.0,,,Calvisia sangarius,Serangga-tongkat sangarius,1409670.0,,,,,NE,
1409673,"Calvisia conicipennis (Bates, 1865)",1409673,"Calvisia conicipennis (Bates, 1865)",SPECIES,ACCEPTED,,,,,Animalia,Hewan,1,,,,,Arthropoda,Hewan beruas,54,,,,,Insecta,Serangga,216,,,,,Phasmida,Serangga-tongkat,1460,,,,,Lonchodidae,Serangga-tongkat Lonchodid,3259900,,,,,,,,,Calvisia,Serangga-tongkat Calvisia,1409632.0,,,Calvisia conicipennis,Serangga-tongkat conicipennis,1409673.0,,,,,NE,
1409693,"Calvisia conspersa Redtenbacher, 1908",1409693,"Calvisia conspersa Redtenbacher, 1908",SPECIES,ACCEPTED,,,,,Animalia,Hewan,1,,,,,Arthropoda,Hewan beruas,54,,,,,Insecta,Serangga,216,,,,,Phasmida,Serangga-tongkat,1460,,,,,Lonchodidae,Serangga-tongkat Lonchodid,3259900,,,,,,,,,Calvisia,Serangga-tongkat Calvisia,1409632.0,,,Calvisia conspersa,Serangga-tongkat conspersa,1409693.0,,,,,NE,
8878181,"Calvisia hennemanni Seow-Choen, 2016",8878181,"Calvisia hennemanni Seow-Choen, 2016",SPECIES,ACCEPTED,,,,,Animalia,Hewan,1,,,,,Arthropoda,Hewan beruas,54,,,,,Insecta,Serangga,216,,,,,Phasmida,Serangga-tongkat,1460,,,,,Lonchodidae,Serangga-tongkat Lonchodid,3259900,,,,,,,,,Calvisia,Serangga-tongkat Calvisia,1409632.0,,,Calvisia hennemanni,Serangga-tongkat hennemanni,8878181.0,,,,,NE,
9078675,"Calvisia fordae Seow-Choen, 2016",9078675,"Calvisia fordae Seow-Choen, 2016",SPECIES,ACCEPTED,,,,,Animalia,Hewan,1,,,,,Arthropoda,Hewan beruas,54,,,,,Insecta,Serangga,216,,,,,Phasmida,Serangga-tongkat,1460,,,,,Lonchodidae,Serangga-tongkat Lonchodid,3259900,,,,,,,,,Calvisia,Serangga-tongkat Calvisia,1409632.0,,,Calvisia fordae,Serangga-tongkat fordae,9078675.0,,,,,NE,
9122660,"Calvisia flavopennis Seow-Choen, 2016",9122660,"Calvisia flavopennis Seow-Choen, 2016",SPECIES,ACCEPTED,,,,,Animalia,Hewan,1,,,,,Arthropoda,Hewan beruas,54,,,,,Insecta,Serangga,216,,,,,Phasmida,Serangga-tongkat,1460,,,,,Lonchodidae,Serangga-tongkat Lonchodid,3259900,,,,,,,,,Calvisia,Serangga-tongkat Calvisia,1409632.0,,,Calvisia flavopennis,Serangga-tongkat flavopennis,9122660.0,,,,,NE,
9175246,"Calvisia marmorata (Redtenbacher, 1908)",9175246,"Calvisia marmorata (Redtenbacher, 1908)",SPECIES,ACCEPTED,,,,,Animalia,Hewan,1,,,,,Arthropoda,Hewan beruas,54,,,,,Insecta,Serangga,216,,,,,Phasmida,Serangga-tongkat,1460,,,,,Lonchodidae,Serangga-tongkat Lonchodid,3259900,,,,,,,,,Calvisia,Serangga-tongkat Calvisia,1409632.0,,,Calvisia marmorata,Serangga-tongkat marmorata,9175246.0,,,,,NE,
1409752,"Phaenopharos struthioneus (Westwood, 1859)",1409752,"Phaenopharos struthioneus (Westwood, 1859)",SPECIES,ACCEPTED,,,,,Animalia,Hewan,1,,,,,Arthropoda,Hewan beruas,54,,,,,Insecta,Serangga,216,,,,,Phasmida,Serangga-tongkat,1460,,,,,Lonchodidae,Serangga-tongkat Lonchodid,3259900,,,,,,,,,Phaenopharos,Serangga-tongkat Phaenopharos,1409750.0,,,Phaenopharos struthioneus,Serangga-tongkat struthioneus,1409752.0,,,,,NE,
1409770,"Trachythorax maculicollis (Westwood, 1848)",1409770,"Trachythorax maculicollis (Westwood, 1848)",SPECIES,ACCEPTED,,,,,Animalia,Hewan,1,,,,,Arthropoda,Hewan beruas,54,,,,,Insecta,Serangga,216,,,,,Phasmida,Serangga-tongkat,1460,,,,,Lonchodidae,Serangga-tongkat Lonchodid,3259900,,,,,,,,,Trachythorax,Serangga-tongkat Trachythorax,1409761.0,,,Trachythorax maculicollis,Serangga-tongkat maculicollis,1409770.0,,,,,NE,
9131331,"Parastheneboea monticola (G√ºnther, 1944)",9131331,"Parastheneboea monticola (G√ºnther, 1944)",SPECIES,ACCEPTED,,,,,Animalia,Hewan,1,,,,,Arthropoda,Hewan beruas,54,,,,,Insecta,Serangga,216,,,,,Phasmida,Serangga-tongkat,1460,,,,,Lonchodidae,Serangga-tongkat Lonchodid,3259900,,,,,,,,,Parastheneboea,Serangga-tongkat Parastheneboea,1409812.0,,,Parastheneboea monticola,Serangga-tongkat monticola,9131331.0,,,,,NE,
1409941,"Sipyloidea sipylus (Westwood, 1859)",1409941,"Sipyloidea sipylus (Westwood, 1859)",SPECIES,ACCEPTED,,,,,Animalia,Hewan,1,,,,,Arthropoda,Hewan beruas,54,,,,,Insecta,Serangga,216,,,,,Phasmida,Serangga-tongkat,1460,,,,,Lonchodidae,Serangga-tongkat Lonchodid,3259900,,,,,,,,,Sipyloidea,Serangga-tongkat Sipyloidea,1409875.0,,,Sipyloidea sipylus,Serangga-tongkat sipylus,1409941.0,,,,,NE,
7874163,"Eurynecroscia nigrofasciata (Redtenbacher, 1908)",7874163,"Eurynecroscia nigrofasciata (Redtenbacher, 1908)",SPECIES,ACCEPTED,,,,,Animalia,Hewan,1,,,,,Arthropoda,Hewan beruas,54,,,,,Insecta,Serangga,216,,,,,Phasmida,Serangga-tongkat,1460,,,,,Lonchodidae,Serangga-tongkat Lonchodid,3259900,,,,,,,,,Eurynecroscia,Serangga-tongkat Eurynecroscia,1409982.0,,,Eurynecroscia nigrofasciata,Serangga-tongkat nigrofasciata,7874163.0,,,,,NE,
1410023,"Asceles margaritatus Redtenbacher, 1908",1410023,"Asceles margaritatus Redtenbacher, 1908",SPECIES,ACCEPTED,,,,,Animalia,Hewan,1,,,,,Arthropoda,Hewan beruas,54,,,,,Insecta,Serangga,216,,,,,Phasmida,Serangga-tongkat,1460,,,,,Lonchodidae,Serangga-tongkat Lonchodid,3259900,,,,,,,,,Asceles,Serangga-tongkat Asceles,1410015.0,,,Asceles margaritatus,Serangga-tongkat margaritatus,1410023.0,,,,,NE,
6258197,"Asceles tanarata singapura Seow-Choen & Brock, 1999",6258197,"Asceles tanarata singapura Seow-Choen & Brock, 1999",SUBSPECIES,ACCEPTED,,,,,Animalia,Hewan,1,,,,,Arthropoda,Hewan beruas,54,,,,,Insecta,Serangga,216,,,,,Phasmida,Serangga-tongkat,1460,,,,,Lonchodidae,Serangga-tongkat Lonchodid,3259900,,,,,,,,,Asceles,Serangga-tongkat Asceles,1410015.0,,,Asceles tanarata,Serangga-tongkat tanarata,1410024.0,,,,,,
6258198,"Asceles tanarata amplior Brock, 1999",6258198,"Asceles tanarata amplior Brock, 1999",SUBSPECIES,ACCEPTED,,,,,Animalia,Hewan,1,,,,,Arthropoda,Hewan beruas,54,,,,,Insecta,Serangga,216,,,,,Phasmida,Serangga-tongkat,1460,,,,,Lonchodidae,Serangga-tongkat Lonchodid,3259900,,,,,,,,,Asceles,Serangga-tongkat Asceles,1410015.0,,,Asceles tanarata,Serangga-tongkat tanarata,1410024.0,,,,,,
7215998,Asceles tanarata tanarata,7215998,Asceles tanarata tanarata,SUBSPECIES,ACCEPTED,,,,,Animalia,Hewan,1,,,,,Arthropoda,Hewan beruas,54,,,,,Insecta,Serangga,216,,,,,Phasmida,Serangga-tongkat,1460,,,,,Lonchodidae,Serangga-tongkat Lonchodid,3259900,,,,,,,,,Asceles,Serangga-tongkat Asceles,1410015.0,,,Asceles tanarata,Serangga-tongkat tanarata,1410024.0,,,,,,
1410024,"Asceles tanarata Brock, 1999",1410024,"Asceles tanarata Brock, 1999",SPECIES,ACCEPTED,,,,,Animalia,Hewan,1,,,,,Arthropoda,Hewan beruas,54,,,,,Insecta,Serangga,216,,,,,Phasmida,Serangga-tongkat,1460,,,,,Lonchodidae,Serangga-tongkat Lonchodid,3259900,,,,,,,,,Asceles,Serangga-tongkat Asceles,1410015.0,,,Asceles tanarata,Serangga-tongkat tanarata,1410024.0,,,,,NE,
1410043,"Asceles malaccae (Saussure, 1868)",1410043,"Asceles malaccae (Saussure, 1868)",SPECIES,ACCEPTED,,,,,Animalia,Hewan,1,,,,,Arthropoda,Hewan beruas,54,,,,,Insecta,Serangga,216,,,,,Phasmida,Serangga-tongkat,1460,,,,,Lonchodidae,Serangga-tongkat Lonchodid,3259900,,,,,,,,,Asceles,Serangga-tongkat Asceles,1410015.0,,,Asceles malaccae,Serangga-tongkat malaccae,1410043.0,,,,,NE,
1410073,"Asceles lineatus Redtenbacher, 1908",1410073,"Asceles lineatus Redtenbacher, 1908",SPECIES,ACCEPTED,,,,,Animalia,Hewan,1,,,,,Arthropoda,Hewan beruas,54,,,,,Insecta,Serangga,216,,,,,Phasmida,Serangga-tongkat,1460,,,,,Lonchodidae,Serangga-tongkat Lonchodid,3259900,,,,,,,,,Asceles,Serangga-tongkat Asceles,1410015.0,,,Asceles lineatus,Serangga-tongkat lineatus,1410073.0,,,,,NE,
1410101,"Paradiacantha acanthocephala (de Haan, 1842)",1410101,"Paradiacantha acanthocephala (de Haan, 1842)",SPECIES,ACCEPTED,,,,,Animalia,Hewan,1,,,,,Arthropoda,Hewan beruas,54,,,,,Insecta,Serangga,216,,,,,Phasmida,Serangga-tongkat,1460,,,,,Lonchodidae,Serangga-tongkat Lonchodid,3259900,,,,,,,,,Paradiacantha,Serangga-tongkat Paradiacantha,1410095.0,,,Paradiacantha acanthocephala,Serangga-tongkat acanthocephala,1410101.0,,,,,NE,
1410231,"Necroscia prasina (Burmeister, 1838)",1410231,"Necroscia prasina (Burmeister, 1838)",SPECIES,ACCEPTED,,,,,Animalia,Hewan,1,,,,,Arthropoda,Hewan beruas,54,,,,,Insecta,Serangga,216,,,,,Phasmida,Serangga-tongkat,1460,,,,,Lonchodidae,Serangga-tongkat Lonchodid,3259900,,,,,,,,,Necroscia,Serangga-tongkat Necroscia,1410216.0,,,Necroscia prasina,Serangga-tongkat prasina,1410231.0,,,,,NE,
1410239,"Necroscia involute-cercata (Redtenbacher, 1908)",1410239,"Necroscia involute-cercata (Redtenbacher, 1908)",SPECIES,ACCEPTED,,,,,Animalia,Hewan,1,,,,,Arthropoda,Hewan beruas,54,,,,,Insecta,Serangga,216,,,,,Phasmida,Serangga-tongkat,1460,,,,,Lonchodidae,Serangga-tongkat Lonchodid,3259900,,,,,,,,,Necroscia,Serangga-tongkat Necroscia,1410216.0,,,Necroscia involute-cercata,Serangga-tongkat involute-cercata,1410239.0,,,,,NE,
1410243,"Necroscia westwoodi Kirby, 1904",1410243,"Necroscia westwoodi Kirby, 1904",SPECIES,ACCEPTED,,,,,Animalia,Hewan,1,,,,,Arthropoda,Hewan beruas,54,,,,,Insecta,Serangga,216,,,,,Phasmida,Serangga-tongkat,1460,,,,,Lonchodidae,Serangga-tongkat Lonchodid,3259900,,,,,,,,,Necroscia,Serangga-tongkat Necroscia,1410216.0,,,Necroscia westwoodi,Serangga-tongkat westwoodi,1410243.0,,,,,NE,
1410246,"Necroscia punctata (Gray, 1835)",1410246,"Necroscia punctata (Gray, 1835)",SPECIES,ACCEPTED,,,,,Animalia,Hewan,1,,,,,Arthropoda,Hewan beruas,54,,,,,Insecta,Serangga,216,,,,,Phasmida,Serangga-tongkat,1460,,,,,Lonchodidae,Serangga-tongkat Lonchodid,3259900,,,,,,,,,Necroscia,Serangga-tongkat Necroscia,1410216.0,,,Necroscia punctata,Serangga-tongkat punctata,1410246.0,,,,,NE,
1410264,"Necroscia pallida (Redtenbacher, 1908)",1410264,"Necroscia pallida (Redtenbacher, 1908)",SPECIES,ACCEPTED,,,,,Animalia,Hewan,1,,,,,Arthropoda,Hewan beruas,54,,,,,Insecta,Serangga,216,,,,,Phasmida,Serangga-tongkat,1460,,,,,Lonchodidae,Serangga-tongkat Lonchodid,3259900,,,,,,,,,Necroscia,Serangga-tongkat Necroscia,1410216.0,,,Necroscia pallida,Serangga-tongkat pallida,1410264.0,,,,,NE,
1410273,"Necroscia adspersa (Redtenbacher, 1908)",1410273,"Necroscia adspersa (Redtenbacher, 1908)",SPECIES,ACCEPTED,,,,,Animalia,Hewan,1,,,,,Arthropoda,Hewan beruas,54,,,,,Insecta,Serangga,216,,,,,Phasmida,Serangga-tongkat,1460,,,,,Lonchodidae,Serangga-tongkat Lonchodid,3259900,,,,,,,,,Necroscia,Serangga-tongkat Necroscia,1410216.0,,,Necroscia adspersa,Serangga-tongkat adspersa,1410273.0,,,,,NE,
1410346,"Necroscia aruana Westwood, 1859",1410346,"Necroscia aruana Westwood, 1859",SPECIES,ACCEPTED,,,,,Animalia,Hewan,1,,,,,Arthropoda,Hewan beruas,54,,,,,Insecta,Serangga,216,,,,,Phasmida,Serangga-tongkat,1460,,,,,Lonchodidae,Serangga-tongkat Lonchodid,3259900,,,,,,,,,Necroscia,Serangga-tongkat Necroscia,1410216.0,,,Necroscia aruana,Serangga-tongkat aruana,1410346.0,,,,,NE,
1411135,"Necroscia ingenua (Redtenbacher, 1908)",1411135,"Necroscia ingenua (Redtenbacher, 1908)",SPECIES,ACCEPTED,,,,,Animalia,Hewan,1,,,,,Arthropoda,Hewan beruas,54,,,,,Insecta,Serangga,216,,,,,Phasmida,Serangga-tongkat,1460,,,,,Lonchodidae,Serangga-tongkat Lonchodid,3259900,,,,,,,,,Necroscia,Serangga-tongkat Necroscia,1410216.0,,,Necroscia ingenua,Serangga-tongkat ingenua,1411135.0,,,,,NE,
9123897,"Necroscia connexa (Redtenbacher, 1908)",9123897,"Necroscia connexa (Redtenbacher, 1908)",SPECIES,ACCEPTED,,,,,Animalia,Hewan,1,,,,,Arthropoda,Hewan beruas,54,,,,,Insecta,Serangga,216,,,,,Phasmida,Serangga-tongkat,1460,,,,,Lonchodidae,Serangga-tongkat Lonchodid,3259900,,,,,,,,,Necroscia,Serangga-tongkat Necroscia,1410216.0,,,Necroscia connexa,Serangga-tongkat connexa,9123897.0,,,,,NE,
9343199,"Necroscia confusa (Redtenbacher, 1908)",9343199,"Necroscia confusa (Redtenbacher, 1908)",SPECIES,ACCEPTED,,,,,Animalia,Hewan,1,,,,,Arthropoda,Hewan beruas,54,,,,,Insecta,Serangga,216,,,,,Phasmida,Serangga-tongkat,1460,,,,,Lonchodidae,Serangga-tongkat Lonchodid,3259900,,,,,,,,,Necroscia,Serangga-tongkat Necroscia,1410216.0,,,Necroscia confusa,Serangga-tongkat confusa,9343199.0,,,,,NE,
11373470,"Necroscia laterala Seow-Choen, 2018",11373470,"Necroscia laterala Seow-Choen, 2018",SPECIES,ACCEPTED,,,,,Animalia,Hewan,1,,,,,Arthropoda,Hewan beruas,54,,,,,Insecta,Serangga,216,,,,,Phasmida,Serangga-tongkat,1460,,,,,Lonchodidae,Serangga-tongkat Lonchodid,3259900,,,,,,,,,Necroscia,Serangga-tongkat Necroscia,1410216.0,,,Necroscia laterala,Serangga-tongkat laterala,11373470.0,,,,,NE,
11374111,"Necroscia sukriadii Seow-Choen, 2018",11374111,"Necroscia sukriadii Seow-Choen, 2018",SPECIES,ACCEPTED,,,,,Animalia,Hewan,1,,,,,Arthropoda,Hewan beruas,54,,,,,Insecta,Serangga,216,,,,,Phasmida,Serangga-tongkat,1460,,,,,Lonchodidae,Serangga-tongkat Lonchodid,3259900,,,,,,,,,Necroscia,Serangga-tongkat Necroscia,1410216.0,,,Necroscia sukriadii,Serangga-tongkat sukriadii,11374111.0,,,,,NE,
1410844,"Marmessoidea rubescens (Saussure, 1868)",1410844,"Marmessoidea rubescens (Saussure, 1868)",SPECIES,ACCEPTED,,,,,Animalia,Hewan,1,,,,,Arthropoda,Hewan beruas,54,,,,,Insecta,Serangga,216,,,,,Phasmida,Serangga-tongkat,1460,,,,,Lonchodidae,Serangga-tongkat Lonchodid,3259900,,,,,,,,,Marmessoidea,Serangga-tongkat Marmessoidea,1410835.0,,,Marmessoidea rubescens,Serangga-tongkat rubescens,1410844.0,,,,,NE,
1410854,"Marmessoidea vinosa (Audinet-Serville, 1838)",1410854,"Marmessoidea vinosa (Audinet-Serville, 1838)",SPECIES,ACCEPTED,,,,,Animalia,Hewan,1,,,,,Arthropoda,Hewan beruas,54,,,,,Insecta,Serangga,216,,,,,Phasmida,Serangga-tongkat,1460,,,,,Lonchodidae,Serangga-tongkat Lonchodid,3259900,,,,,,,,,Marmessoidea,Serangga-tongkat Marmessoidea,1410835.0,,,Marmessoidea vinosa,Serangga-tongkat vinosa,1410854.0,,,,,NE,
1410859,"Marmessoidea sumatrensis Brancsik, 1893",1410859,"Marmessoidea sumatrensis Brancsik, 1893",SPECIES,ACCEPTED,,,,,Animalia,Hewan,1,,,,,Arthropoda,Hewan beruas,54,,,,,Insecta,Serangga,216,,,,,Phasmida,Serangga-tongkat,1460,,,,,Lonchodidae,Serangga-tongkat Lonchodid,3259900,,,,,,,,,Marmessoidea,Serangga-tongkat Marmessoidea,1410835.0,,,Marmessoidea sumatrensis,Serangga-tongkat sumatrensis,1410859.0,,,,,NE,
1410866,"Marmessoidea rosea (Fabricius, 1793)",1410866,"Marmessoidea rosea (Fabricius, 1793)",SPECIES,ACCEPTED,,,,,Animalia,Hewan,1,,,,,Arthropoda,Hewan beruas,54,,,,,Insecta,Serangga,216,,,,,Phasmida,Serangga-tongkat,1460,,,,,Lonchodidae,Serangga-tongkat Lonchodid,3259900,,,,,,,,,Marmessoidea,Serangga-tongkat Marmessoidea,1410835.0,,,Marmessoidea rosea,Serangga-tongkat rosea,1410866.0,,,,,NE,
1410878,"Marmessoidea moesta Redtenbacher, 1908",1410878,"Marmessoidea moesta Redtenbacher, 1908",SPECIES,ACCEPTED,,,,,Animalia,Hewan,1,,,,,Arthropoda,Hewan beruas,54,,,,,Insecta,Serangga,216,,,,,Phasmida,Serangga-tongkat,1460,,,,,Lonchodidae,Serangga-tongkat Lonchodid,3259900,,,,,,,,,Marmessoidea,Serangga-tongkat Marmessoidea,1410835.0,,,Marmessoidea moesta,Serangga-tongkat moesta,1410878.0,,,,,NE,
1410898,"Marmessoidea quadriguttata (Burmeister, 1838)",1410898,"Marmessoidea quadriguttata (Burmeister, 1838)",SPECIES,ACCEPTED,,,,,Animalia,Hewan,1,,,,,Arthropoda,Hewan beruas,54,,,,,Insecta,Serangga,216,,,,,Phasmida,Serangga-tongkat,1460,,,,,Lonchodidae,Serangga-tongkat Lonchodid,3259900,,,,,,,,,Marmessoidea,Serangga-tongkat Marmessoidea,1410835.0,,,Marmessoidea quadriguttata,Serangga-tongkat quadriguttata,1410898.0,,,,,NE,
9430061,"Marmessoidea poggii Seow-Choen, 2017",9430061,"Marmessoidea poggii Seow-Choen, 2017",SPECIES,ACCEPTED,,,,,Animalia,Hewan,1,,,,,Arthropoda,Hewan beruas,54,,,,,Insecta,Serangga,216,,,,,Phasmida,Serangga-tongkat,1460,,,,,Lonchodidae,Serangga-tongkat Lonchodid,3259900,,,,,,,,,Marmessoidea,Serangga-tongkat Marmessoidea,1410835.0,,,Marmessoidea poggii,Serangga-tongkat poggii,9430061.0,,,,,NE,
1410835,"Marmessoidea Brunner von Wattenwyl, 1893",1410835,"Marmessoidea Brunner von Wattenwyl, 1893",GENUS,ACCEPTED,,,,,Animalia,Hewan,1,,,,,Arthropoda,Hewan beruas,54,,,,,Insecta,Serangga,216,,,,,Phasmida,Serangga-tongkat,1460,,,,,Lonchodidae,Serangga-tongkat Lonchodid,3259900,,,,,,,,,Marmessoidea,Serangga-tongkat Marmessoidea,1410835.0,,,,,,,,,,,
8759804,"Staelonchodes amaurops (Westwood, 1859)",8759804,"Staelonchodes amaurops (Westwood, 1859)",SPECIES,ACCEPTED,,,,,Animalia,Hewan,1,,,,,Arthropoda,Hewan beruas,54,,,,,Insecta,Serangga,216,,,,,Phasmida,Serangga-tongkat,1460,,,,,Lonchodidae,Serangga-tongkat Lonchodid,3259900,,,,,,,,,Staelonchodes,Serangga-tongkat Staelonchodes,1410906.0,,,Staelonchodes amaurops,Serangga-tongkat amaurops,8759804.0,,,,,NE,
5049887,"Lonchodes brevipes Gray, 1835",5049887,"Lonchodes brevipes Gray, 1835",SPECIES,ACCEPTED,,,,,Animalia,Hewan,1,,,,,Arthropoda,Hewan beruas,54,,,,,Insecta,Serangga,216,,,,,Phasmida,Serangga-tongkat,1460,,,,,Lonchodidae,Serangga-tongkat Lonchodid,3259900,,,,,,,,,Lonchodes,Serangga-tongkat Lonchodes,1410962.0,,,Lonchodes brevipes,Serangga-tongkat brevipes,5049887.0,,,,,NE,
9111980,"Lonchodes sanguineoligatus (Brunner von Wattenwyl, 1907)",9111980,"Lonchodes sanguineoligatus (Brunner von Wattenwyl, 1907)",SPECIES,ACCEPTED,,,,,Animalia,Hewan,1,,,,,Arthropoda,Hewan beruas,54,,,,,Insecta,Serangga,216,,,,,Phasmida,Serangga-tongkat,1460,,,,,Lonchodidae,Serangga-tongkat Lonchodid,3259900,,,,,,,,,Lonchodes,Serangga-tongkat Lonchodes,1410962.0,,,Lonchodes sanguineoligatus,Serangga-tongkat sanguineoligatus,9111980.0,,,,,NE,
1411961,"Carausius tanahrataensis Seow-Choen, 2000",1411961,"Carausius tanahrataensis Seow-Choen, 2000",SPECIES,ACCEPTED,,,,,Animalia,Hewan,1,,,,,Arthropoda,Hewan beruas,54,,,,,Insecta,Serangga,216,,,,,Phasmida,Serangga-tongkat,1460,,,,,Lonchodidae,Serangga-tongkat Lonchodid,3259900,,,,,,,,,Carausius,Serangga-tongkat Carausius,1411063.0,,,Carausius tanahrataensis,Serangga-tongkat tanahrataensis,1411961.0,,,,,NE,
1411962,"Carausius nodosus (de Haan, 1842)",1411962,"Carausius nodosus (de Haan, 1842)",SPECIES,ACCEPTED,,,,,Animalia,Hewan,1,,,,,Arthropoda,Hewan beruas,54,,,,,Insecta,Serangga,216,,,,,Phasmida,Serangga-tongkat,1460,,,,,Lonchodidae,Serangga-tongkat Lonchodid,3259900,,,,,,,,,Carausius,Serangga-tongkat Carausius,1411063.0,,,Carausius nodosus,Serangga-tongkat nodosus,1411962.0,,,,,NE,
12225037,"Myronides glaucus Hennemann, 2021",12225037,"Myronides glaucus Hennemann, 2021",SPECIES,ACCEPTED,,,,,Animalia,Hewan,1,,,,,Arthropoda,Hewan beruas,54,,,,,Insecta,Serangga,216,,,,,Phasmida,Serangga-tongkat,1460,,,,,Lonchodidae,Serangga-tongkat Lonchodid,3259900,,,,,,,,,Myronides,Serangga-tongkat Myronides,1411086.0,,,Myronides glaucus,Serangga-tongkat glaucus,12225037.0,,,,,NE,
1411126,"Scionecra queenslandica (Sj√∂stedt, 1918)",1411126,"Scionecra queenslandica (Sj√∂stedt, 1918)",SPECIES,ACCEPTED,,,,,Animalia,Hewan,1,,,,,Arthropoda,Hewan beruas,54,,,,,Insecta,Serangga,216,,,,,Phasmida,Serangga-tongkat,1460,,,,,Lonchodidae,Serangga-tongkat Lonchodid,3259900,,,,,,,,,Scionecra,Serangga-tongkat Scionecra,1411096.0,,,Scionecra queenslandica,Serangga-tongkat queenslandica,1411126.0,,,,,LC,
1411155,"Scionecra agrionina (Bates, 1865)",1411155,"Scionecra agrionina (Bates, 1865)",SPECIES,ACCEPTED,,,,,Animalia,Hewan,1,,,,,Arthropoda,Hewan beruas,54,,,,,Insecta,Serangga,216,,,,,Phasmida,Serangga-tongkat,1460,,,,,Lonchodidae,Serangga-tongkat Lonchodid,3259900,,,,,,,,,Scionecra,Serangga-tongkat Scionecra,1411096.0,,,Scionecra agrionina,Serangga-tongkat agrionina,1411155.0,,,,,NE,
1411181,"Hemiplasta styligera (Bates, 1865)",1411181,"Hemiplasta styligera (Bates, 1865)",SPECIES,ACCEPTED,,,,,Animalia,Hewan,1,,,,,Arthropoda,Hewan beruas,54,,,,,Insecta,Serangga,216,,,,,Phasmida,Serangga-tongkat,1460,,,,,Lonchodidae,Serangga-tongkat Lonchodid,3259900,,,,,,,,,Hemiplasta,Serangga-tongkat Hemiplasta,1411178.0,,,Hemiplasta styligera,Serangga-tongkat styligera,1411181.0,,,,,NE,
12259101,"Hemiplasta mustea (Bates, 1865)",12259101,"Hemiplasta mustea (Bates, 1865)",SPECIES,ACCEPTED,,,,,Animalia,Hewan,1,,,,,Arthropoda,Hewan beruas,54,,,,,Insecta,Serangga,216,,,,,Phasmida,Serangga-tongkat,1460,,,,,Lonchodidae,Serangga-tongkat Lonchodid,3259900,,,,,,,,,Hemiplasta,Serangga-tongkat Hemiplasta,1411178.0,,,Hemiplasta mustea,Serangga-tongkat mustea,12259101.0,,,,,NE,
1411212,"Lobonecroscia subflava Brock & Seow-Choen, 2000",1411212,"Lobonecroscia subflava Brock & Seow-Choen, 2000",SPECIES,ACCEPTED,,,,,Animalia,Hewan,1,,,,,Arthropoda,Hewan beruas,54,,,,,Insecta,Serangga,216,,,,,Phasmida,Serangga-tongkat,1460,,,,,Lonchodidae,Serangga-tongkat Lonchodid,3259900,,,,,,,,,Lobonecroscia,Serangga-tongkat Lobonecroscia,1411211.0,,,Lobonecroscia subflava,Serangga-tongkat subflava,1411212.0,,,,,NE,
1411249,"Acacus sarawacus (Westwood, 1859)",1411249,"Acacus sarawacus (Westwood, 1859)",SPECIES,ACCEPTED,,,,,Animalia,Hewan,1,,,,,Arthropoda,Hewan beruas,54,,,,,Insecta,Serangga,216,,,,,Phasmida,Serangga-tongkat,1460,,,,,Lonchodidae,Serangga-tongkat Lonchodid,3259900,,,,,,,,,Acacus,Serangga-tongkat Acacus,1411246.0,,,Acacus sarawacus,Serangga-tongkat sarawacus,1411249.0,,,,,NE,
8656488,"Acacus sapuani Seow-Choen, 2016",8656488,"Acacus sapuani Seow-Choen, 2016",SPECIES,ACCEPTED,,,,,Animalia,Hewan,1,,,,,Arthropoda,Hewan beruas,54,,,,,Insecta,Serangga,216,,,,,Phasmida,Serangga-tongkat,1460,,,,,Lonchodidae,Serangga-tongkat Lonchodid,3259900,,,,,,,,,Acacus,Serangga-tongkat Acacus,1411246.0,,,Acacus sapuani,Serangga-tongkat sapuani,8656488.0,,,,,NE,
11374294,"Acacus sumatranus Seow-Choen, 2018",11374294,"Acacus sumatranus Seow-Choen, 2018",SPECIES,ACCEPTED,,,,,Animalia,Hewan,1,,,,,Arthropoda,Hewan beruas,54,,,,,Insecta,Serangga,216,,,,,Phasmida,Serangga-tongkat,1460,,,,,Lonchodidae,Serangga-tongkat Lonchodid,3259900,,,,,,,,,Acacus,Serangga-tongkat Acacus,1411246.0,,,Acacus sumatranus,Serangga-tongkat sumatranus,11374294.0,,,,,NE,
8977723,"Paranecroscia marginata (Gray, 1835)",8977723,"Paranecroscia marginata (Gray, 1835)",SPECIES,ACCEPTED,,,,,Animalia,Hewan,1,,,,,Arthropoda,Hewan beruas,54,,,,,Insecta,Serangga,216,,,,,Phasmida,Serangga-tongkat,1460,,,,,Lonchodidae,Serangga-tongkat Lonchodid,3259900,,,,,,,,,Paranecroscia,Serangga-tongkat Paranecroscia,1411282.0,,,Paranecroscia marginata,Serangga-tongkat marginata,8977723.0,,,,,NE,
11371902,"Paranecroscia bruckneri Seow-Choen, 2018",11371902,"Paranecroscia bruckneri Seow-Choen, 2018",SPECIES,ACCEPTED,,,,,Animalia,Hewan,1,,,,,Arthropoda,Hewan beruas,54,,,,,Insecta,Serangga,216,,,,,Phasmida,Serangga-tongkat,1460,,,,,Lonchodidae,Serangga-tongkat Lonchodid,3259900,,,,,,,,,Paranecroscia,Serangga-tongkat Paranecroscia,1411282.0,,,Paranecroscia bruckneri,Serangga-tongkat bruckneri,11371902.0,,,,,NE,
1411512,"Gargantuoidea tessellata Redtenbacher, 1908",1411512,"Gargantuoidea tessellata Redtenbacher, 1908",SPECIES,ACCEPTED,,,,,Animalia,Hewan,1,,,,,Arthropoda,Hewan beruas,54,,,,,Insecta,Serangga,216,,,,,Phasmida,Serangga-tongkat,1460,,,,,Lonchodidae,Serangga-tongkat Lonchodid,3259900,,,,,,,,,Gargantuoidea,Serangga-tongkat Gargantuoidea,1411510.0,,,Gargantuoidea tessellata,Serangga-tongkat tessellata,1411512.0,,,,,NE,
1411516,"Gargantuoidea triumphalis Redtenbacher, 1908",1411516,"Gargantuoidea triumphalis Redtenbacher, 1908",SPECIES,ACCEPTED,,,,,Animalia,Hewan,1,,,,,Arthropoda,Hewan beruas,54,,,,,Insecta,Serangga,216,,,,,Phasmida,Serangga-tongkat,1460,,,,,Lonchodidae,Serangga-tongkat Lonchodid,3259900,,,,,,,,,Gargantuoidea,Serangga-tongkat Gargantuoidea,1411510.0,,,Gargantuoidea triumphalis,Serangga-tongkat triumphalis,1411516.0,,,,,NE,
1411541,"Orthonecroscia pulcherrima Kirby, 1904",1411541,"Orthonecroscia pulcherrima Kirby, 1904",SPECIES,ACCEPTED,,,,,Animalia,Hewan,1,,,,,Arthropoda,Hewan beruas,54,,,,,Insecta,Serangga,216,,,,,Phasmida,Serangga-tongkat,1460,,,,,Lonchodidae,Serangga-tongkat Lonchodid,3259900,,,,,,,,,Orthonecroscia,Serangga-tongkat Orthonecroscia,1411537.0,,,Orthonecroscia pulcherrima,Serangga-tongkat pulcherrima,1411541.0,,,,,NE,
1411580,"Orthonecroscia filum (Westwood, 1848)",1411580,"Orthonecroscia filum (Westwood, 1848)",SPECIES,ACCEPTED,,,,,Animalia,Hewan,1,,,,,Arthropoda,Hewan beruas,54,,,,,Insecta,Serangga,216,,,,,Phasmida,Serangga-tongkat,1460,,,,,Lonchodidae,Serangga-tongkat Lonchodid,3259900,,,,,,,,,Orthonecroscia,Serangga-tongkat Orthonecroscia,1411537.0,,,Orthonecroscia filum,Serangga-tongkat filum,1411580.0,,,,,NE,
11370913,"Orthonecroscia mjobergi rahimi Seow-Choen, 2017",11370913,"Orthonecroscia mjobergi rahimi Seow-Choen, 2017",SUBSPECIES,ACCEPTED,,,,,Animalia,Hewan,1,,,,,Arthropoda,Hewan beruas,54,,,,,Insecta,Serangga,216,,,,,Phasmida,Serangga-tongkat,1460,,,,,Lonchodidae,Serangga-tongkat Lonchodid,3259900,,,,,,,,,Orthonecroscia,Serangga-tongkat Orthonecroscia,1411537.0,,,Orthonecroscia mjobergi,Serangga-tongkat mjobergi,6258175.0,,,,,,
6258175,"Orthonecroscia mjobergi G√ºnther, 1935",6258175,"Orthonecroscia mjobergi G√ºnther, 1935",SPECIES,ACCEPTED,,,,,Animalia,Hewan,1,,,,,Arthropoda,Hewan beruas,54,,,,,Insecta,Serangga,216,,,,,Phasmida,Serangga-tongkat,1460,,,,,Lonchodidae,Serangga-tongkat Lonchodid,3259900,,,,,,,,,Orthonecroscia,Serangga-tongkat Orthonecroscia,1411537.0,,,Orthonecroscia mjobergi,Serangga-tongkat mjobergi,6258175.0,,,,,NE,
11371434,Orthonecroscia fuscoannulata fuscoannulata,11371434,Orthonecroscia fuscoannulata fuscoannulata,SUBSPECIES,ACCEPTED,,,,,Animalia,Hewan,1,,,,,Arthropoda,Hewan beruas,54,,,,,Insecta,Serangga,216,,,,,Phasmida,Serangga-tongkat,1460,,,,,Lonchodidae,Serangga-tongkat Lonchodid,3259900,,,,,,,,,Orthonecroscia,Serangga-tongkat Orthonecroscia,1411537.0,,,Orthonecroscia fuscoannulata,Serangga-tongkat fuscoannulata,8962299.0,,,,,,
8962299,"Orthonecroscia fuscoannulata (de Haan, 1842)",8962299,"Orthonecroscia fuscoannulata (de Haan, 1842)",SPECIES,ACCEPTED,,,,,Animalia,Hewan,1,,,,,Arthropoda,Hewan beruas,54,,,,,Insecta,Serangga,216,,,,,Phasmida,Serangga-tongkat,1460,,,,,Lonchodidae,Serangga-tongkat Lonchodid,3259900,,,,,,,,,Orthonecroscia,Serangga-tongkat Orthonecroscia,1411537.0,,,Orthonecroscia fuscoannulata,Serangga-tongkat fuscoannulata,8962299.0,,,,,NE,
9212885,"Orthonecroscia keatsooni Seow-Choen, 2016",9212885,"Orthonecroscia keatsooni Seow-Choen, 2016",SPECIES,ACCEPTED,,,,,Animalia,Hewan,1,,,,,Arthropoda,Hewan beruas,54,,,,,Insecta,Serangga,216,,,,,Phasmida,Serangga-tongkat,1460,,,,,Lonchodidae,Serangga-tongkat Lonchodid,3259900,,,,,,,,,Orthonecroscia,Serangga-tongkat Orthonecroscia,1411537.0,,,Orthonecroscia keatsooni,Serangga-tongkat keatsooni,9212885.0,,,,,NE,
1411615,"Paraloxopsis tuberculata (Redtenbacher, 1908)",1411615,"Paraloxopsis tuberculata (Redtenbacher, 1908)",SPECIES,ACCEPTED,,,,,Animalia,Hewan,1,,,,,Arthropoda,Hewan beruas,54,,,,,Insecta,Serangga,216,,,,,Phasmida,Serangga-tongkat,1460,,,,,Lonchodidae,Serangga-tongkat Lonchodid,3259900,,,,,,,,,Paraloxopsis,Serangga-tongkat Paraloxopsis,1411614.0,,,Paraloxopsis tuberculata,Serangga-tongkat tuberculata,1411615.0,,,,,NE,
1411640,"Diesbachia sophiae Redtenbacher, 1908",1411640,"Diesbachia sophiae Redtenbacher, 1908",SPECIES,ACCEPTED,,,,,Animalia,Hewan,1,,,,,Arthropoda,Hewan beruas,54,,,,,Insecta,Serangga,216,,,,,Phasmida,Serangga-tongkat,1460,,,,,Lonchodidae,Serangga-tongkat Lonchodid,3259900,,,,,,,,,Diesbachia,Serangga-tongkat Diesbachia,1411635.0,,,Diesbachia sophiae,Serangga-tongkat sophiae,1411640.0,,,,,NE,
1411642,"Diesbachia tamyris (Westwood, 1859)",1411642,"Diesbachia tamyris (Westwood, 1859)",SPECIES,ACCEPTED,,,,,Animalia,Hewan,1,,,,,Arthropoda,Hewan beruas,54,,,,,Insecta,Serangga,216,,,,,Phasmida,Serangga-tongkat,1460,,,,,Lonchodidae,Serangga-tongkat Lonchodid,3259900,,,,,,,,,Diesbachia,Serangga-tongkat Diesbachia,1411635.0,,,Diesbachia tamyris,Serangga-tongkat tamyris,1411642.0,,,,,NE,
11372246,"Diesbachia tamyris brevipenna Seow-Choen, 2018",11372246,"Diesbachia tamyris brevipenna Seow-Choen, 2018",SUBSPECIES,ACCEPTED,,,,,Animalia,Hewan,1,,,,,Arthropoda,Hewan beruas,54,,,,,Insecta,Serangga,216,,,,,Phasmida,Serangga-tongkat,1460,,,,,Lonchodidae,Serangga-tongkat Lonchodid,3259900,,,,,,,,,Diesbachia,Serangga-tongkat Diesbachia,1411635.0,,,Diesbachia tamyris,Serangga-tongkat tamyris,1411642.0,,,,,,
11375166,"Diesbachia tamyris longipenna Seow-Choen, 2018",11375166,"Diesbachia tamyris longipenna Seow-Choen, 2018",SUBSPECIES,ACCEPTED,,,,,Animalia,Hewan,1,,,,,Arthropoda,Hewan beruas,54,,,,,Insecta,Serangga,216,,,,,Phasmida,Serangga-tongkat,1460,,,,,Lonchodidae,Serangga-tongkat Lonchodid,3259900,,,,,,,,,Diesbachia,Serangga-tongkat Diesbachia,1411635.0,,,Diesbachia tamyris,Serangga-tongkat tamyris,1411642.0,,,,,,
1411716,"Diardia battak Redtenbacher, 1908",1411716,"Diardia battak Redtenbacher, 1908",SPECIES,ACCEPTED,,,,,Animalia,Hewan,1,,,,,Arthropoda,Hewan beruas,54,,,,,Insecta,Serangga,216,,,,,Phasmida,Serangga-tongkat,1460,,,,,Lonchodidae,Serangga-tongkat Lonchodid,3259900,,,,,,,,,Diardia,Serangga-tongkat Diardia,1411715.0,,,Diardia battak,Serangga-tongkat battak,1411716.0,,,,,NE,
1411803,"Loxopsis conocephala (de Haan, 1842)",1411803,"Loxopsis conocephala (de Haan, 1842)",SPECIES,ACCEPTED,,,,,Animalia,Hewan,1,,,,,Arthropoda,Hewan beruas,54,,,,,Insecta,Serangga,216,,,,,Phasmida,Serangga-tongkat,1460,,,,,Lonchodidae,Serangga-tongkat Lonchodid,3259900,,,,,,,,,Loxopsis,Serangga-tongkat Loxopsis,1411798.0,,,Loxopsis conocephala,Serangga-tongkat conocephala,1411803.0,,,,,NE,
8749051,"Loxopsis valeroi Seow-Choen, 2016",8749051,"Loxopsis valeroi Seow-Choen, 2016",SPECIES,ACCEPTED,,,,,Animalia,Hewan,1,,,,,Arthropoda,Hewan beruas,54,,,,,Insecta,Serangga,216,,,,,Phasmida,Serangga-tongkat,1460,,,,,Lonchodidae,Serangga-tongkat Lonchodid,3259900,,,,,,,,,Loxopsis,Serangga-tongkat Loxopsis,1411798.0,,,Loxopsis valeroi,Serangga-tongkat valeroi,8749051.0,,,,,NE,
9136660,"Loxopsis delfossei Seow-Choen, 2016",9136660,"Loxopsis delfossei Seow-Choen, 2016",SPECIES,ACCEPTED,,,,,Animalia,Hewan,1,,,,,Arthropoda,Hewan beruas,54,,,,,Insecta,Serangga,216,,,,,Phasmida,Serangga-tongkat,1460,,,,,Lonchodidae,Serangga-tongkat Lonchodid,3259900,,,,,,,,,Loxopsis,Serangga-tongkat Loxopsis,1411798.0,,,Loxopsis delfossei,Serangga-tongkat delfossei,9136660.0,,,,,NE,
1411820,"Diacanthoidea marginata Redtenbacher, 1908",1411820,"Diacanthoidea marginata Redtenbacher, 1908",SPECIES,ACCEPTED,,,,,Animalia,Hewan,1,,,,,Arthropoda,Hewan beruas,54,,,,,Insecta,Serangga,216,,,,,Phasmida,Serangga-tongkat,1460,,,,,Lonchodidae,Serangga-tongkat Lonchodid,3259900,,,,,,,,,Diacanthoidea,Serangga-tongkat Diacanthoidea,1411811.0,,,Diacanthoidea marginata,Serangga-tongkat marginata,1411820.0,,,,,NE,
1412104,"Denhama Werner, 1912",1412104,"Denhama Werner, 1912",GENUS,ACCEPTED,,,,,Animalia,Hewan,1,,,,,Arthropoda,Hewan beruas,54,,,,,Insecta,Serangga,216,,,,,Phasmida,Serangga-tongkat,1460,,,,,Lonchodidae,Serangga-tongkat Lonchodid,3259900,,,,,,,,,Denhama,Serangga-tongkat Denhama,1412104.0,,,,,,,,,,NE,
1412221,"Austrocarausius Brock, 2000",1412221,"Austrocarausius Brock, 2000",GENUS,ACCEPTED,,,,,Animalia,Hewan,1,,,,,Arthropoda,Hewan beruas,54,,,,,Insecta,Serangga,216,,,,,Phasmida,Serangga-tongkat,1460,,,,,Lonchodidae,Serangga-tongkat Lonchodid,3259900,,,,,,,,,Austrocarausius,Serangga-tongkat Austrocarausius,1412221.0,,,,,,,,,,NE,
1412444,"Neohirasea unnoi Brock, 1999",1412444,"Neohirasea unnoi Brock, 1999",SPECIES,ACCEPTED,,,,,Animalia,Hewan,1,,,,,Arthropoda,Hewan beruas,54,,,,,Insecta,Serangga,216,,,,,Phasmida,Serangga-tongkat,1460,,,,,Lonchodidae,Serangga-tongkat Lonchodid,3259900,,,,,,,,,Neohirasea,Serangga-tongkat Neohirasea,1412431.0,,,Neohirasea unnoi,Serangga-tongkat unnoi,1412444.0,,,,,NE,
1412806,"Hermagoras foliopeda (Olivier, 1792)",1412806,"Hermagoras foliopeda (Olivier, 1792)",SPECIES,ACCEPTED,,,,,Animalia,Hewan,1,,,,,Arthropoda,Hewan beruas,54,,,,,Insecta,Serangga,216,,,,,Phasmida,Serangga-tongkat,1460,,,,,Lonchodidae,Serangga-tongkat Lonchodid,3259900,,,,,,,,,Hermagoras,Serangga-tongkat Hermagoras,1412801.0,,,Hermagoras foliopeda,Serangga-tongkat foliopeda,1412806.0,,,,,NE,
1412847,"Hermagoras sigillatus (Brunner von Wattenwyl, 1907)",1412847,"Hermagoras sigillatus (Brunner von Wattenwyl, 1907)",SPECIES,ACCEPTED,,,,,Animalia,Hewan,1,,,,,Arthropoda,Hewan beruas,54,,,,,Insecta,Serangga,216,,,,,Phasmida,Serangga-tongkat,1460,,,,,Lonchodidae,Serangga-tongkat Lonchodid,3259900,,,,,,,,,Hermagoras,Serangga-tongkat Hermagoras,1412801.0,,,Hermagoras sigillatus,Serangga-tongkat sigillatus,1412847.0,,,,,NE,
1412882,"Neopromachus Giglio-Tos, 1912",1412882,"Neopromachus Giglio-Tos, 1912",GENUS,ACCEPTED,,,,,Animalia,Hewan,1,,,,,Arthropoda,Hewan beruas,54,,,,,Insecta,Serangga,216,,,,,Phasmida,Serangga-tongkat,1460,,,,,Lonchodidae,Serangga-tongkat Lonchodid,3259900,,,,,,,,,Neopromachus,Serangga-tongkat Neopromachus,1412882.0,,,,,,,,,,,
1412993,"Eurycantha calcarata Lucas, 1869",1412993,"Eurycantha calcarata Lucas, 1869",SPECIES,ACCEPTED,,,,,Animalia,Hewan,1,,,,,Arthropoda,Hewan beruas,54,,,,,Insecta,Serangga,216,,,,,Phasmida,Serangga-tongkat,1460,,,,,Lonchodidae,Serangga-tongkat Lonchodid,3259900,,,,,,,,,Eurycantha,Serangga-tongkat Eurycantha,1412990.0,,,Eurycantha calcarata,Serangga-tongkat calcarata,1412993.0,,,,,NE,
1413055,"Periphetes forcipatus (Bates, 1865)",1413055,"Periphetes forcipatus (Bates, 1865)",SPECIES,ACCEPTED,,,,,Animalia,Hewan,1,,,,,Arthropoda,Hewan beruas,54,,,,,Insecta,Serangga,216,,,,,Phasmida,Serangga-tongkat,1460,,,,,Lonchodidae,Serangga-tongkat Lonchodid,3259900,,,,,,,,,Periphetes,Serangga-tongkat Periphetes,1413052.0,,,Periphetes forcipatus,Serangga-tongkat forcipatus,1413055.0,,,,,NE,
1413087,"Phenacephorus cornucervi Brunner von Wattenwyl, 1907",1413087,"Phenacephorus cornucervi Brunner von Wattenwyl, 1907",SPECIES,ACCEPTED,,,,,Animalia,Hewan,1,,,,,Arthropoda,Hewan beruas,54,,,,,Insecta,Serangga,216,,,,,Phasmida,Serangga-tongkat,1460,,,,,Lonchodidae,Serangga-tongkat Lonchodid,3259900,,,,,,,,,Phenacephorus,Serangga-tongkat Phenacephorus,1413086.0,,,Phenacephorus cornucervi,Serangga-tongkat cornucervi,1413087.0,,,,,NE,
1413090,"Phenacephorus sepilokensis Bragg, 1994",1413090,"Phenacephorus sepilokensis Bragg, 1994",SPECIES,ACCEPTED,,,,,Animalia,Hewan,1,,,,,Arthropoda,Hewan beruas,54,,,,,Insecta,Serangga,216,,,,,Phasmida,Serangga-tongkat,1460,,,,,Lonchodidae,Serangga-tongkat Lonchodid,3259900,,,,,,,,,Phenacephorus,Serangga-tongkat Phenacephorus,1413086.0,,,Phenacephorus sepilokensis,Serangga-tongkat sepilokensis,1413090.0,,,,,NE,
1413504,"Stheneboea phyllopus (de Haan, 1842)",1413504,"Stheneboea phyllopus (de Haan, 1842)",SPECIES,ACCEPTED,,,,,Animalia,Hewan,1,,,,,Arthropoda,Hewan beruas,54,,,,,Insecta,Serangga,216,,,,,Phasmida,Serangga-tongkat,1460,,,,,Lonchodidae,Serangga-tongkat Lonchodid,3259900,,,,,,,,,Stheneboea,Serangga-tongkat Stheneboea,1413486.0,,,Stheneboea phyllopus,Serangga-tongkat phyllopus,1413504.0,,,,,NE,
1413512,"Stheneboea repudiosa Brunner von Wattenwyl, 1907",1413512,"Stheneboea repudiosa Brunner von Wattenwyl, 1907",SPECIES,ACCEPTED,,,,,Animalia,Hewan,1,,,,,Arthropoda,Hewan beruas,54,,,,,Insecta,Serangga,216,,,,,Phasmida,Serangga-tongkat,1460,,,,,Lonchodidae,Serangga-tongkat Lonchodid,3259900,,,,,,,,,Stheneboea,Serangga-tongkat Stheneboea,1413486.0,,,Stheneboea repudiosa,Serangga-tongkat repudiosa,1413512.0,,,,,NE,
11372081,"Stheneboea bivakensis Seow-Choen, 2018",11372081,"Stheneboea bivakensis Seow-Choen, 2018",SPECIES,ACCEPTED,,,,,Animalia,Hewan,1,,,,,Arthropoda,Hewan beruas,54,,,,,Insecta,Serangga,216,,,,,Phasmida,Serangga-tongkat,1460,,,,,Lonchodidae,Serangga-tongkat Lonchodid,3259900,,,,,,,,,Stheneboea,Serangga-tongkat Stheneboea,1413486.0,,,Stheneboea bivakensis,Serangga-tongkat bivakensis,11372081.0,,,,,NE,
1413544,"Acanthomenexenus polyacanthus (Dohrn, 1910)",1413544,"Acanthomenexenus polyacanthus (Dohrn, 1910)",SPECIES,ACCEPTED,,,,,Animalia,Hewan,1,,,,,Arthropoda,Hewan beruas,54,,,,,Insecta,Serangga,216,,,,,Phasmida,Serangga-tongkat,1460,,,,,Lonchodidae,Serangga-tongkat Lonchodid,3259900,,,,,,,,,Acanthomenexenus,Serangga-tongkat Acanthomenexenus,1413536.0,,,Acanthomenexenus polyacanthus,Serangga-tongkat polyacanthus,1413544.0,,,,,NE,
1415473,"Kalocorinnis pulchella (de Haan, 1842)",1415473,"Kalocorinnis pulchella (de Haan, 1842)",SPECIES,ACCEPTED,,,,,Animalia,Hewan,1,,,,,Arthropoda,Hewan beruas,54,,,,,Insecta,Serangga,216,,,,,Phasmida,Serangga-tongkat,1460,,,,,Lonchodidae,Serangga-tongkat Lonchodid,3259900,,,,,,,,,Kalocorinnis,Serangga-tongkat Kalocorinnis,1415472.0,,,Kalocorinnis pulchella,Serangga-tongkat pulchella,1415473.0,,,,,NE,
12243106,"Leprocaulinus heinrichi (G√ºnther, 1935)",12243106,"Leprocaulinus heinrichi (G√ºnther, 1935)",SPECIES,ACCEPTED,,,,,Animalia,Hewan,1,,,,,Arthropoda,Hewan beruas,54,,,,,Insecta,Serangga,216,,,,,Phasmida,Serangga-tongkat,1460,,,,,Lonchodidae,Serangga-tongkat Lonchodid,3259900,,,,,,,,,Leprocaulinus,Serangga-tongkat Leprocaulinus,6007793.0,,,Leprocaulinus heinrichi,Serangga-tongkat heinrichi,12243106.0,,,,,NE,
1409187,"Galactea galacptera (de Haan, 1842)",1409187,"Galactea galacptera (de Haan, 1842)",SPECIES,ACCEPTED,,,,,Animalia,Hewan,1,,,,,Arthropoda,Hewan beruas,54,,,,,Insecta,Serangga,216,,,,,Phasmida,Serangga-tongkat,1460,,,,,Lonchodidae,Serangga-tongkat Lonchodid,3259900,,,,,,,,,Galactea,Serangga-tongkat Galactea,7643078.0,,,Galactea galacptera,Serangga-tongkat galacptera,1409187.0,,,,,NE,
8764560,"Planososibia esacus (Westwood, 1859)",8764560,"Planososibia esacus (Westwood, 1859)",SPECIES,ACCEPTED,,,,,Animalia,Hewan,1,,,,,Arthropoda,Hewan beruas,54,,,,,Insecta,Serangga,216,,,,,Phasmida,Serangga-tongkat,1460,,,,,Lonchodidae,Serangga-tongkat Lonchodid,3259900,,,,,,,,,Planososibia,Serangga-tongkat Planososibia,9011314.0,,,Planososibia esacus,Serangga-tongkat esacus,8764560.0,,,,,NE,
9106599,"Planososibia lysippus (Westwood, 1859)",9106599,"Planososibia lysippus (Westwood, 1859)",SPECIES,ACCEPTED,,,,,Animalia,Hewan,1,,,,,Arthropoda,Hewan beruas,54,,,,,Insecta,Serangga,216,,,,,Phasmida,Serangga-tongkat,1460,,,,,Lonchodidae,Serangga-tongkat Lonchodid,3259900,,,,,,,,,Planososibia,Serangga-tongkat Planososibia,9011314.0,,,Planososibia lysippus,Serangga-tongkat lysippus,9106599.0,,,,,NE,
12225533,"Nescicroa splendida Hennemann, 2021",12225533,"Nescicroa splendida Hennemann, 2021",SPECIES,ACCEPTED,,,,,Animalia,Hewan,1,,,,,Arthropoda,Hewan beruas,54,,,,,Insecta,Serangga,216,,,,,Phasmida,Serangga-tongkat,1460,,,,,Lonchodidae,Serangga-tongkat Lonchodid,3259900,,,,,,,,,Nescicroa,Serangga-tongkat Nescicroa,9070053.0,,,Nescicroa splendida,Serangga-tongkat splendida,12225533.0,,,,,NE,
9435489,"Laevediacantha bresseeli Seow-Choen, 2017",9435489,"Laevediacantha bresseeli Seow-Choen, 2017",SPECIES,ACCEPTED,,,,,Animalia,Hewan,1,,,,,Arthropoda,Hewan beruas,54,,,,,Insecta,Serangga,216,,,,,Phasmida,Serangga-tongkat,1460,,,,,Lonchodidae,Serangga-tongkat Lonchodid,3259900,,,,,,,,,Laevediacantha,Serangga-tongkat Laevediacantha,9084026.0,,,Laevediacantha bresseeli,Serangga-tongkat bresseeli,9435489.0,,,,,NE,
9058112,"Orthostheneboea yehi (Brock, 1999)",9058112,"Orthostheneboea yehi (Brock, 1999)",SPECIES,ACCEPTED,,,,,Animalia,Hewan,1,,,,,Arthropoda,Hewan beruas,54,,,,,Insecta,Serangga,216,,,,,Phasmida,Serangga-tongkat,1460,,,,,Lonchodidae,Serangga-tongkat Lonchodid,3259900,,,,,,,,,Orthostheneboea,Serangga-tongkat Orthostheneboea,9143394.0,,,Orthostheneboea yehi,Serangga-tongkat yehi,9058112.0,,,,,NE,
9572989,"Singaporoidea meneptolemus (Westwood, 1859)",9572989,"Singaporoidea meneptolemus (Westwood, 1859)",SPECIES,ACCEPTED,,,,,Animalia,Hewan,1,,,,,Arthropoda,Hewan beruas,54,,,,,Insecta,Serangga,216,,,,,Phasmida,Serangga-tongkat,1460,,,,,Lonchodidae,Serangga-tongkat Lonchodid,3259900,,,,,,,,,Singaporoidea,Serangga-tongkat Singaporoidea,9581036.0,,,Singaporoidea meneptolemus,Serangga-tongkat meneptolemus,9572989.0,,,,,NE,
12202405,"Singaporoidea normalis (Redtenbacher, 1908)",12202405,"Singaporoidea normalis (Redtenbacher, 1908)",SPECIES,ACCEPTED,,,,,Animalia,Hewan,1,,,,,Arthropoda,Hewan beruas,54,,,,,Insecta,Serangga,216,,,,,Phasmida,Serangga-tongkat,1460,,,,,Lonchodidae,Serangga-tongkat Lonchodid,3259900,,,,,,,,,Singaporoidea,Serangga-tongkat Singaporoidea,9581036.0,,,Singaporoidea normalis,Serangga-tongkat normalis,12202405.0,,,,,NE,
12211673,"Singaporoidea poeciloptera (Rehn, 1904)",12211673,"Singaporoidea poeciloptera (Rehn, 1904)",SPECIES,ACCEPTED,,,,,Animalia,Hewan,1,,,,,Arthropoda,Hewan beruas,54,,,,,Insecta,Serangga,216,,,,,Phasmida,Serangga-tongkat,1460,,,,,Lonchodidae,Serangga-tongkat Lonchodid,3259900,,,,,,,,,Singaporoidea,Serangga-tongkat Singaporoidea,9581036.0,,,Singaporoidea poeciloptera,Serangga-tongkat poeciloptera,12211673.0,,,,,NE,
12230626,"Singaporoidea dolorosa (Redtenbacher, 1908)",12230626,"Singaporoidea dolorosa (Redtenbacher, 1908)",SPECIES,ACCEPTED,,,,,Animalia,Hewan,1,,,,,Arthropoda,Hewan beruas,54,,,,,Insecta,Serangga,216,,,,,Phasmida,Serangga-tongkat,1460,,,,,Lonchodidae,Serangga-tongkat Lonchodid,3259900,,,,,,,,,Singaporoidea,Serangga-tongkat Singaporoidea,9581036.0,,,Singaporoidea dolorosa,Serangga-tongkat dolorosa,12230626.0,,,,,NE,
12261147,"Singaporoidea tenella (G√ºnther, 1935)",12261147,"Singaporoidea tenella (G√ºnther, 1935)",SPECIES,ACCEPTED,,,,,Animalia,Hewan,1,,,,,Arthropoda,Hewan beruas,54,,,,,Insecta,Serangga,216,,,,,Phasmida,Serangga-tongkat,1460,,,,,Lonchodidae,Serangga-tongkat Lonchodid,3259900,,,,,,,,,Singaporoidea,Serangga-tongkat Singaporoidea,9581036.0,,,Singaporoidea tenella,Serangga-tongkat tenella,12261147.0,,,,,NE,
11370945,"Conogalactea imponens rabaeyae (Seow-Choen, 2016)",11370945,"Conogalactea imponens rabaeyae (Seow-Choen, 2016)",SUBSPECIES,ACCEPTED,,,,,Animalia,Hewan,1,,,,,Arthropoda,Hewan beruas,54,,,,,Insecta,Serangga,216,,,,,Phasmida,Serangga-tongkat,1460,,,,,Lonchodidae,Serangga-tongkat Lonchodid,3259900,,,,,,,,,Conogalactea,Serangga-tongkat Conogalactea,11375348.0,,,Conogalactea imponens,Serangga-tongkat imponens,11376498.0,,,,,,
11376498,"Conogalactea imponens (Brunner von Wattenwyl, 1907)",11376498,"Conogalactea imponens (Brunner von Wattenwyl, 1907)",SPECIES,ACCEPTED,,,,,Animalia,Hewan,1,,,,,Arthropoda,Hewan beruas,54,,,,,Insecta,Serangga,216,,,,,Phasmida,Serangga-tongkat,1460,,,,,Lonchodidae,Serangga-tongkat Lonchodid,3259900,,,,,,,,,Conogalactea,Serangga-tongkat Conogalactea,11375348.0,,,Conogalactea imponens,Serangga-tongkat imponens,11376498.0,,,,,NE,
11371774,"Stalocagorus rahmani Seow-Choen, 2018",11371774,"Stalocagorus rahmani Seow-Choen, 2018",SPECIES,ACCEPTED,,,,,Animalia,Hewan,1,,,,,Arthropoda,Hewan beruas,54,,,,,Insecta,Serangga,216,,,,,Phasmida,Serangga-tongkat,1460,,,,,Lonchodidae,Serangga-tongkat Lonchodid,3259900,,,,,,,,,Stalocagorus,Serangga-tongkat Stalocagorus,11378966.0,,,Stalocagorus rahmani,Serangga-tongkat rahmani,11371774.0,,,,,NE,
12197515,"Paramarmessoidea annulata (Fabricius, 1798)",12197515,"Paramarmessoidea annulata (Fabricius, 1798)",SPECIES,ACCEPTED,,,,,Animalia,Hewan,1,,,,,Arthropoda,Hewan beruas,54,,,,,Insecta,Serangga,216,,,,,Phasmida,Serangga-tongkat,1460,,,,,Lonchodidae,Serangga-tongkat Lonchodid,3259900,,,,,,,,,Paramarmessoidea,Serangga-tongkat Paramarmessoidea,12217358.0,,,Paramarmessoidea annulata,Serangga-tongkat annulata,12197515.0,,,,,NE,
3259900,Lonchodidae,3259900,Lonchodidae,FAMILY,ACCEPTED,,,,,Animalia,Hewan,1,,,,,Arthropoda,Hewan beruas,54,,,,,Insecta,Serangga,216,,,,,Phasmida,Serangga-tongkat,1460,,,,,Lonchodidae,Serangga-tongkat Lonchodid,3259900,,,,,,,,,,,,,,,,,,,,,NE,
