taxonKey,scientificName,acceptedTaxonKey,acceptedScientificName,taxonRank,taxonomicStatus,domain,cnamedomain,superkingdom,cnamesuperkingdom,kingdom,cnameKingdom,kingdomKey,subkingdom,cnamesubkingdom,superphylum,cnamesuperphylum,phylum,cnamePhylum,phylumKey,subphylum,cnmaesubphylum,superclass,cnamesuperclass,class,cnameClass,classKey,subclass,cnamesubclass,superorder,cnamesuperorder,order,cnameOrder,orderKey,suborder,cnamesuborder,superfamily,cnamesuperfamily,family,cnameFamily,familyKey,subfamily,cnamesubfamily,supertribe,cnamesupertribe,tribe,cnametribe,subtribe,cnamesubtribe,genus,cnmaeGenus,genusKey,subgenus,cnamesubgenus,species,cnameSpecies,speciesKey,subspecies,cnmaesubspecies,variety,cnamevariety,iucnRedListCategory,statuskepunahan
1403512,"Amorphoscelis annulicornis Stal, 1871",1403512,"Amorphoscelis annulicornis Stal, 1871",SPECIES,ACCEPTED,,,,,Animalia,Hewan,1,,,,,Arthropoda,Hewan beruas,54,,,,,Insecta,Serangga,216,,,,,Mantodea,Blalang sembah,788,,,,,Amorphoscelidae,Sentadu Amorphoscelid,5110.0,,,,,,,,,Amorphoscelis,Sentadu,1403506.0,,,Amorphoscelis annulicornis,Sentadu,1403512.0,,,,,NE,
1403539,"Amorphoscelis parva Beier, 1952",1403539,"Amorphoscelis parva Beier, 1952",SPECIES,ACCEPTED,,,,,Animalia,Hewan,1,,,,,Arthropoda,Hewan beruas,54,,,,,Insecta,Serangga,216,,,,,Mantodea,Blalang sembah,788,,,,,Amorphoscelidae,Sentadu Amorphoscelid,5110.0,,,,,,,,,Amorphoscelis,Sentadu,1403506.0,,,Amorphoscelis parva,Sentadu,1403539.0,,,,,NE,
1403546,"Amorphoscelis singaporana Giglio-Tos, 1915",1403546,"Amorphoscelis singaporana Giglio-Tos, 1915",SPECIES,ACCEPTED,,,,,Animalia,Hewan,1,,,,,Arthropoda,Hewan beruas,54,,,,,Insecta,Serangga,216,,,,,Mantodea,Blalang sembah,788,,,,,Amorphoscelidae,Sentadu Amorphoscelid,5110.0,,,,,,,,,Amorphoscelis,Sentadu,1403506.0,,,Amorphoscelis singaporana,Sentadu singapur,1403546.0,,,,,NE,
1403506,"Amorphoscelis Stal, 1871",1403506,"Amorphoscelis Stal, 1871",GENUS,ACCEPTED,,,,,Animalia,Hewan,1,,,,,Arthropoda,Hewan beruas,54,,,,,Insecta,Serangga,216,,,,,Mantodea,Blalang sembah,788,,,,,Amorphoscelidae,Sentadu Amorphoscelid,5110.0,,,,,,,,,Amorphoscelis,Sentadu,1403506.0,,,,,,,,,,,
5110,Amorphoscelidae,5110,Amorphoscelidae,FAMILY,ACCEPTED,,,,,Animalia,Hewan,1,,,,,Arthropoda,Hewan beruas,54,,,,,Insecta,Serangga,216,,,,,Mantodea,Blalang sembah,788,,,,,Amorphoscelidae,Sentadu Amorphoscelid,5110.0,,,,,,,,,,,,,,,,,,,,,NE,
1405086,"Ceratocrania macra Westwood, 1889",1405086,"Ceratocrania macra Westwood, 1889",SPECIES,ACCEPTED,,,,,Animalia,Hewan,1,,,,,Arthropoda,Hewan beruas,54,,,,,Insecta,Serangga,216,,,,,Mantodea,Blalang sembah,788,,,,,Hymenopodidae,Sentadu bunga-khas,5919.0,,,,,,,,,Ceratocrania,Sentadu-bunga,1405085.0,,,Ceratocrania macra,Sentadu bunga,1405086.0,,,,,NE,
7685313,"Phyllothelys breve Wang, 1993",7685313,"Phyllothelys breve Wang, 1993",SPECIES,ACCEPTED,,,,,Animalia,Hewan,1,,,,,Arthropoda,Hewan beruas,54,,,,,Insecta,Serangga,216,,,,,Mantodea,Blalang sembah,788,,,,,Hymenopodidae,Sentadu bunga-khas,5919.0,,,,,,,,,Phyllothelys,Sentadu-bunga,1405831.0,,,Phyllothelys breve,Sentadu bunga,7685313.0,,,,,NE,
1405831,"Phyllothelys Wood-Mason, 1877",1405831,"Phyllothelys Wood-Mason, 1877",GENUS,ACCEPTED,,,,,Animalia,Hewan,1,,,,,Arthropoda,Hewan beruas,54,,,,,Insecta,Serangga,216,,,,,Mantodea,Blalang sembah,788,,,,,Hymenopodidae,Sentadu bunga-khas,5919.0,,,,,,,,,Phyllothelys,Sentadu-bunga,1405831.0,,,,,,,,,,,
1406359,"Ambivia popa Stal, 1877",1406359,"Ambivia popa Stal, 1877",SPECIES,ACCEPTED,,,,,Animalia,Hewan,1,,,,,Arthropoda,Hewan beruas,54,,,,,Insecta,Serangga,216,,,,,Mantodea,Blalang sembah,788,,,,,Hymenopodidae,Sentadu bunga-khas,5919.0,,,,,,,,,Ambivia,Sentadu-bunga,1406357.0,,,Ambivia popa,Sentadu bunga,1406359.0,,,,,NE,
1406381,"Creobroter episcopalis Stal, 1877",1406381,"Creobroter episcopalis Stal, 1877",SPECIES,ACCEPTED,,,,,Animalia,Hewan,1,,,,,Arthropoda,Hewan beruas,54,,,,,Insecta,Serangga,216,,,,,Mantodea,Blalang sembah,788,,,,,Hymenopodidae,Sentadu bunga-khas,5919.0,,,,,,,,,Creobroter,Sentadu-bunga,1406377.0,,,Creobroter episcopalis,Sentadu bunga,1406381.0,,,,,NE,
1406384,"Creobroter urbanus Fabricius, 1775",1406384,"Creobroter urbanus Fabricius, 1775",SPECIES,ACCEPTED,,,,,Animalia,Hewan,1,,,,,Arthropoda,Hewan beruas,54,,,,,Insecta,Serangga,216,,,,,Mantodea,Blalang sembah,788,,,,,Hymenopodidae,Sentadu bunga-khas,5919.0,,,,,,,,,Creobroter,Sentadu-bunga,1406377.0,,,Creobroter urbanus,Sentadu bunga,1406384.0,,,,,NE,
1406389,"Creobroter granulicollis Saussure, 1870",1406389,"Creobroter granulicollis Saussure, 1870",SPECIES,ACCEPTED,,,,,Animalia,Hewan,1,,,,,Arthropoda,Hewan beruas,54,,,,,Insecta,Serangga,216,,,,,Mantodea,Blalang sembah,788,,,,,Hymenopodidae,Sentadu bunga-khas,5919.0,,,,,,,,,Creobroter,Sentadu-bunga,1406377.0,,,Creobroter granulicollis,Sentadu bunga,1406389.0,,,,,NE,
1406395,"Creobroter gemmatus Saussure, 1869",1406395,"Creobroter gemmatus Saussure, 1869",SPECIES,ACCEPTED,,,,,Animalia,Hewan,1,,,,,Arthropoda,Hewan beruas,54,,,,,Insecta,Serangga,216,,,,,Mantodea,Blalang sembah,788,,,,,Hymenopodidae,Sentadu bunga-khas,5919.0,,,,,,,,,Creobroter,Sentadu-bunga,1406377.0,,,Creobroter gemmatus,Sentadu bunga-permata,1406395.0,,,,,NE,
1406397,"Creobroter discifera Serville, 1839",1406397,"Creobroter discifera Serville, 1839",SPECIES,ACCEPTED,,,,,Animalia,Hewan,1,,,,,Arthropoda,Hewan beruas,54,,,,,Insecta,Serangga,216,,,,,Mantodea,Blalang sembah,788,,,,,Hymenopodidae,Sentadu bunga-khas,5919.0,,,,,,,,,Creobroter,Sentadu-bunga,1406377.0,,,Creobroter discifera,Sentadu bunga,1406397.0,,,,,NE,
10072689,BOLD:ABX4158,10072689,BOLD:ABX4158,SPECIES,ACCEPTED,,,,,Animalia,Hewan,1,,,,,Arthropoda,Hewan beruas,54,,,,,Insecta,Serangga,216,,,,,Mantodea,Blalang sembah,788,,,,,Hymenopodidae,Sentadu bunga-khas,5919.0,,,,,,,,,Hestiasula,Sentadu-bunga,1406401.0,,,Hestiasula brunneriana,Sentadu bunga,1406421.0,,,,,,
1406401,"Hestiasula Saussure, 1871",1406401,"Hestiasula Saussure, 1871",GENUS,ACCEPTED,,,,,Animalia,Hewan,1,,,,,Arthropoda,Hewan beruas,54,,,,,Insecta,Serangga,216,,,,,Mantodea,Blalang sembah,788,,,,,Hymenopodidae,Sentadu bunga-khas,5919.0,,,,,,,,,Hestiasula,Sentadu-bunga,1406401.0,,,,,,,,,,,
1406462,"Parablepharis kuhlii de Haan, 1842",1406462,"Parablepharis kuhlii de Haan, 1842",SPECIES,ACCEPTED,,,,,Animalia,Hewan,1,,,,,Arthropoda,Hewan beruas,54,,,,,Insecta,Serangga,216,,,,,Mantodea,Blalang sembah,788,,,,,Hymenopodidae,Sentadu bunga-khas,5919.0,,,,,,,,,Parablepharis,Sentadu-bunga,1406461.0,,,Parablepharis kuhlii,Sentadu kuhlii,1406462.0,,,,,NE,
6258150,Parablepharis kuhlii kuhlii,6258150,Parablepharis kuhlii kuhlii,SUBSPECIES,ACCEPTED,,,,,Animalia,Hewan,1,,,,,Arthropoda,Hewan beruas,54,,,,,Insecta,Serangga,216,,,,,Mantodea,Blalang sembah,788,,,,,Hymenopodidae,Sentadu bunga-khas,5919.0,,,,,,,,,Parablepharis,Sentadu-bunga,1406461.0,,,Parablepharis kuhlii,Sentadu bunga,1406462.0,,,,,,
1406476,"Ceratomantis gigliotosi Roy, 2007",1406476,"Ceratomantis gigliotosi Roy, 2007",SPECIES,ACCEPTED,,,,,Animalia,Hewan,1,,,,,Arthropoda,Hewan beruas,54,,,,,Insecta,Serangga,216,,,,,Mantodea,Blalang sembah,788,,,,,Hymenopodidae,Sentadu bunga-khas,5919.0,,,,,,,,,Ceratomantis,Sentadu-bunga,1406473.0,,,Ceratomantis gigliotosi,Sentadu bunga,1406476.0,,,,,NE,
1406477,"Ceratomantis saussurii Wood-Mason, 1876",1406477,"Ceratomantis saussurii Wood-Mason, 1876",SPECIES,ACCEPTED,,,,,Animalia,Hewan,1,,,,,Arthropoda,Hewan beruas,54,,,,,Insecta,Serangga,216,,,,,Mantodea,Blalang sembah,788,,,,,Hymenopodidae,Sentadu bunga-khas,5919.0,,,,,,,,,Ceratomantis,Sentadu-bunga,1406473.0,,,Ceratomantis saussurii,Sentadu bunga,1406477.0,,,,,NE,
1406478,"Ceratomantis kimberlae Svenson, 2007",1406478,"Ceratomantis kimberlae Svenson, 2007",SPECIES,ACCEPTED,,,,,Animalia,Hewan,1,,,,,Arthropoda,Hewan beruas,54,,,,,Insecta,Serangga,216,,,,,Mantodea,Blalang sembah,788,,,,,Hymenopodidae,Sentadu bunga-khas,5919.0,,,,,,,,,Ceratomantis,Sentadu-bunga,1406473.0,,,Ceratomantis kimberlae,Sentadu bunga,1406478.0,,,,,NE,
1406485,"Anaxarcha limbata Giglio-Tos, 1915",1406485,"Anaxarcha limbata Giglio-Tos, 1915",SPECIES,ACCEPTED,,,,,Animalia,Hewan,1,,,,,Arthropoda,Hewan beruas,54,,,,,Insecta,Serangga,216,,,,,Mantodea,Blalang sembah,788,,,,,Hymenopodidae,Sentadu bunga-khas,5919.0,,,,,,,,,Anaxarcha,Sentadu-bunga,1406479.0,,,Anaxarcha limbata,Sentadu bunga,1406485.0,,,,,NE,
1406488,"Anaxarcha graminea Stal, 1877",1406488,"Anaxarcha graminea Stal, 1877",SPECIES,ACCEPTED,,,,,Animalia,Hewan,1,,,,,Arthropoda,Hewan beruas,54,,,,,Insecta,Serangga,216,,,,,Mantodea,Blalang sembah,788,,,,,Hymenopodidae,Sentadu bunga-khas,5919.0,,,,,,,,,Anaxarcha,Sentadu-bunga,1406479.0,,,Anaxarcha graminea,Sentadu bunga,1406488.0,,,,,NE,
1406512,"Citharomantis falcata Rehn, 1909",1406512,"Citharomantis falcata Rehn, 1909",SPECIES,ACCEPTED,,,,,Animalia,Hewan,1,,,,,Arthropoda,Hewan beruas,54,,,,,Insecta,Serangga,216,,,,,Mantodea,Blalang sembah,788,,,,,Hymenopodidae,Sentadu bunga-khas,5919.0,,,,,,,,,Citharomantis,Sentadu-bunga,1406511.0,,,Citharomantis falcata,Sentadu bunga,1406512.0,,,,,NE,
1406530,"Theopropus rubrobrunneus Beier, 1931",1406530,"Theopropus rubrobrunneus Beier, 1931",SPECIES,ACCEPTED,,,,,Animalia,Hewan,1,,,,,Arthropoda,Hewan beruas,54,,,,,Insecta,Serangga,216,,,,,Mantodea,Blalang sembah,788,,,,,Hymenopodidae,Sentadu bunga-khas,5919.0,,,,,,,,,Theopropus,Sentadu-bunga,1406528.0,,,Theopropus rubrobrunneus,Sentadu bunga,1406530.0,,,,,NE,
1406531,"Theopropus elegans Westwood, 1832",1406531,"Theopropus elegans Westwood, 1832",SPECIES,ACCEPTED,,,,,Animalia,Hewan,1,,,,,Arthropoda,Hewan beruas,54,,,,,Insecta,Serangga,216,,,,,Mantodea,Blalang sembah,788,,,,,Hymenopodidae,Sentadu bunga-khas,5919.0,,,,,,,,,Theopropus,Sentadu-bunga,1406528.0,,,Theopropus elegans,Sentadu-anggrek belang,1406531.0,,,,,NE,
1406534,"Theopropus borneensis Beier, 1942",1406534,"Theopropus borneensis Beier, 1942",SPECIES,ACCEPTED,,,,,Animalia,Hewan,1,,,,,Arthropoda,Hewan beruas,54,,,,,Insecta,Serangga,216,,,,,Mantodea,Blalang sembah,788,,,,,Hymenopodidae,Sentadu bunga-khas,5919.0,,,,,,,,,Theopropus,Sentadu-bunga,1406528.0,,,Theopropus borneensis,Sentadu borneo,1406534.0,,,,,NE,
1406528,"Theopropus Saussure, 1898",1406528,"Theopropus Saussure, 1898",GENUS,ACCEPTED,,,,,Animalia,Hewan,1,,,,,Arthropoda,Hewan beruas,54,,,,,Insecta,Serangga,216,,,,,Mantodea,Blalang sembah,788,,,,,Hymenopodidae,Sentadu bunga-khas,5919.0,,,,,,,,,Theopropus,Sentadu-bunga,1406528.0,,,,,,,,,,,
1406548,"Odontomantis planiceps Haan, 1842",1406548,"Odontomantis planiceps Haan, 1842",SPECIES,ACCEPTED,,,,,Animalia,Hewan,1,,,,,Arthropoda,Hewan beruas,54,,,,,Insecta,Serangga,216,,,,,Mantodea,Blalang sembah,788,,,,,Hymenopodidae,Sentadu bunga-khas,5919.0,,,,,,,,,Odontomantis,Sentadu-bunga,1406537.0,,,Odontomantis planiceps,Sentadu semut-asia,1406548.0,,,,,NE,
1406555,"Odontomantis rhyssa Werner, 1930",1406555,"Odontomantis rhyssa Werner, 1930",SPECIES,ACCEPTED,,,,,Animalia,Hewan,1,,,,,Arthropoda,Hewan beruas,54,,,,,Insecta,Serangga,216,,,,,Mantodea,Blalang sembah,788,,,,,Hymenopodidae,Sentadu bunga-khas,5919.0,,,,,,,,,Odontomantis,Sentadu-bunga,1406537.0,,,Odontomantis rhyssa,Sentadu bunga,1406555.0,,,,,NE,
11372958,"Odontomantis micantula Beier, 1956",11372958,"Odontomantis micantula Beier, 1956",SPECIES,ACCEPTED,,,,,Animalia,Hewan,1,,,,,Arthropoda,Hewan beruas,54,,,,,Insecta,Serangga,216,,,,,Mantodea,Blalang sembah,788,,,,,Hymenopodidae,Sentadu bunga-khas,5919.0,,,,,,,,,Odontomantis,Sentadu-bunga,1406537.0,,,Odontomantis micantula,Sentadu bunga,11372958.0,,,,,NE,
1406562,"Psychomantis borneensis Haan, 1842",1406562,"Psychomantis borneensis Haan, 1842",SPECIES,ACCEPTED,,,,,Animalia,Hewan,1,,,,,Arthropoda,Hewan beruas,54,,,,,Insecta,Serangga,216,,,,,Mantodea,Blalang sembah,788,,,,,Hymenopodidae,Sentadu bunga-khas,5919.0,,,,,,,,,Psychomantis,Sentadu-bunga,1406561.0,,,Psychomantis borneensis,Sentadu-bunga kalimantan,1406562.0,,,,,NE,
1406563,"Psychomantis malayensis Beier, 1931",1406563,"Psychomantis malayensis Beier, 1931",SPECIES,ACCEPTED,,,,,Animalia,Hewan,1,,,,,Arthropoda,Hewan beruas,54,,,,,Insecta,Serangga,216,,,,,Mantodea,Blalang sembah,788,,,,,Hymenopodidae,Sentadu bunga-khas,5919.0,,,,,,,,,Psychomantis,Sentadu-bunga,1406561.0,,,Psychomantis malayensis,Sentadu-bunga malaya,1406563.0,,,,,NE,
1406561,"Psychomantis Giglio-Tos, 1915",1406561,"Psychomantis Giglio-Tos, 1915",GENUS,ACCEPTED,,,,,Animalia,Hewan,1,,,,,Arthropoda,Hewan beruas,54,,,,,Insecta,Serangga,216,,,,,Mantodea,Blalang sembah,788,,,,,Hymenopodidae,Sentadu bunga-khas,5919.0,,,,,,,,,Psychomantis,Sentadu-bunga,1406561.0,,,,,,,,,,,
5048799,"Helvia cardinalis Stal, 1877",5048799,"Helvia cardinalis Stal, 1877",SPECIES,ACCEPTED,,,,,Animalia,Hewan,1,,,,,Arthropoda,Hewan beruas,54,,,,,Insecta,Serangga,216,,,,,Mantodea,Blalang sembah,788,,,,,Hymenopodidae,Sentadu bunga-khas,5919.0,,,,,,,,,Helvia,Sentadu-bunga,1406568.0,,,Helvia cardinalis,Sentadu anggrek-kuning,5048799.0,,,,,NE,
1406641,"Pseudocreobotra Saussure, 1870",1406641,"Pseudocreobotra Saussure, 1870",GENUS,ACCEPTED,,,,,Animalia,Hewan,1,,,,,Arthropoda,Hewan beruas,54,,,,,Insecta,Serangga,216,,,,,Mantodea,Blalang sembah,788,,,,,Hymenopodidae,Sentadu bunga-khas,5919.0,,,,,,,,,Pseudocreobotra,Sentadu-bunga,1406641.0,,,,,,,,,,,
1406652,"Rhomantis moultoni Giglio-Tos, 1915",1406652,"Rhomantis moultoni Giglio-Tos, 1915",SPECIES,ACCEPTED,,,,,Animalia,Hewan,1,,,,,Arthropoda,Hewan beruas,54,,,,,Insecta,Serangga,216,,,,,Mantodea,Blalang sembah,788,,,,,Hymenopodidae,Sentadu bunga-khas,5919.0,,,,,,,,,Rhomantis,Sentadu-bunga,1406651.0,,,Rhomantis moultoni,Sentadu bunga,1406652.0,,,,,NE,
1406651,"Rhomantis Giglio-Tos, 1915",1406651,"Rhomantis Giglio-Tos, 1915",GENUS,ACCEPTED,,,,,Animalia,Hewan,1,,,,,Arthropoda,Hewan beruas,54,,,,,Insecta,Serangga,216,,,,,Mantodea,Blalang sembah,788,,,,,Hymenopodidae,Sentadu bunga-khas,5919.0,,,,,,,,,Rhomantis,Sentadu-bunga,1406651.0,,,,,,,,,,,
1406690,"Pachymantis bicingulata de Haan, 1842",1406690,"Pachymantis bicingulata de Haan, 1842",SPECIES,ACCEPTED,,,,,Animalia,Hewan,1,,,,,Arthropoda,Hewan beruas,54,,,,,Insecta,Serangga,216,,,,,Mantodea,Blalang sembah,788,,,,,Hymenopodidae,Sentadu bunga-khas,5919.0,,,,,,,,,Pachymantis,Sentadu-bunga,1406688.0,,,Pachymantis bicingulata,Sentadu bunga,1406690.0,,,,,NE,
7621014,"Pachymantis piceifemur Roy, 2013",7621014,"Pachymantis piceifemur Roy, 2013",SPECIES,ACCEPTED,,,,,Animalia,Hewan,1,,,,,Arthropoda,Hewan beruas,54,,,,,Insecta,Serangga,216,,,,,Mantodea,Blalang sembah,788,,,,,Hymenopodidae,Sentadu bunga-khas,5919.0,,,,,,,,,Pachymantis,Sentadu-bunga,1406688.0,,,Pachymantis piceifemur,Sentadu bunga,7621014.0,,,,,NE,
1406982,"Majangella carli Giglio-Tos, 1915",1406982,"Majangella carli Giglio-Tos, 1915",SPECIES,ACCEPTED,,,,,Animalia,Hewan,1,,,,,Arthropoda,Hewan beruas,54,,,,,Insecta,Serangga,216,,,,,Mantodea,Blalang sembah,788,,,,,Hymenopodidae,Sentadu bunga-khas,5919.0,,,,,,,,,Majangella,Sentadu-bunga,1406981.0,,,Majangella carli,Sentadu bunga,1406982.0,,,,,NE,
1406983,"Majangella moultoni Giglio-Tos, 1915",1406983,"Majangella moultoni Giglio-Tos, 1915",SPECIES,ACCEPTED,,,,,Animalia,Hewan,1,,,,,Arthropoda,Hewan beruas,54,,,,,Insecta,Serangga,216,,,,,Mantodea,Blalang sembah,788,,,,,Hymenopodidae,Sentadu bunga-khas,5919.0,,,,,,,,,Majangella,Sentadu-bunga,1406981.0,,,Majangella moultoni,Sentadu bunga,1406983.0,,,,,NE,
6930531,"Catestiasula moultoni Giglio-Tos, 1915",6930531,"Catestiasula moultoni Giglio-Tos, 1915",SPECIES,ACCEPTED,,,,,Animalia,Hewan,1,,,,,Arthropoda,Hewan beruas,54,,,,,Insecta,Serangga,216,,,,,Mantodea,Blalang sembah,788,,,,,Hymenopodidae,Sentadu bunga-khas,5919.0,,,,,,,,,Catestiasula,Sentadu-bunga,4394698.0,,,Catestiasula moultoni,Sentadu bunga,6930531.0,,,,,NE,
1406601,"Acromantis oligoneura Haan, 1842",1406601,"Acromantis oligoneura Haan, 1842",SPECIES,ACCEPTED,,,,,Animalia,Hewan,1,,,,,Arthropoda,Hewan beruas,54,,,,,Insecta,Serangga,216,,,,,Mantodea,Blalang sembah,788,,,,,Hymenopodidae,Sentadu bunga-khas,5919.0,,,,,,,,,Acromantis,Sentadu-bunga,7962659.0,,,Acromantis oligoneura,Sentadu bunga,1406601.0,,,,,NE,
1406607,"Acromantis dyaka Hebard, 1920",1406607,"Acromantis dyaka Hebard, 1920",SPECIES,ACCEPTED,,,,,Animalia,Hewan,1,,,,,Arthropoda,Hewan beruas,54,,,,,Insecta,Serangga,216,,,,,Mantodea,Blalang sembah,788,,,,,Hymenopodidae,Sentadu bunga-khas,5919.0,,,,,,,,,Acromantis,Sentadu-bunga,7962659.0,,,Acromantis dyaka,Sentadu bunga,1406607.0,,,,,NE,
1406610,"Acromantis moultoni Giglio-Tos, 1915",1406610,"Acromantis moultoni Giglio-Tos, 1915",SPECIES,ACCEPTED,,,,,Animalia,Hewan,1,,,,,Arthropoda,Hewan beruas,54,,,,,Insecta,Serangga,216,,,,,Mantodea,Blalang sembah,788,,,,,Hymenopodidae,Sentadu bunga-khas,5919.0,,,,,,,,,Acromantis,Sentadu-bunga,7962659.0,,,Acromantis moultoni,Sentadu bunga,1406610.0,,,,,NE,
1406615,"Acromantis gestri Giglio-Tos, 1915",1406615,"Acromantis gestri Giglio-Tos, 1915",SPECIES,ACCEPTED,,,,,Animalia,Hewan,1,,,,,Arthropoda,Hewan beruas,54,,,,,Insecta,Serangga,216,,,,,Mantodea,Blalang sembah,788,,,,,Hymenopodidae,Sentadu bunga-khas,5919.0,,,,,,,,,Acromantis,Sentadu-bunga,7962659.0,,,Acromantis gestri,Sentadu bunga,1406615.0,,,,,NE,
1406621,"Acromantis japonica Westwood, 1889",1406621,"Acromantis japonica Westwood, 1889",SPECIES,ACCEPTED,,,,,Animalia,Hewan,1,,,,,Arthropoda,Hewan beruas,54,,,,,Insecta,Serangga,216,,,,,Mantodea,Blalang sembah,788,,,,,Hymenopodidae,Sentadu bunga-khas,5919.0,,,,,,,,,Acromantis,Sentadu-bunga,7962659.0,,,Acromantis japonica,Sentadu jepang,1406621.0,,,,,NE,
7962659,"Acromantis Saussure, 1870",7962659,"Acromantis Saussure, 1870",GENUS,ACCEPTED,,,,,Animalia,Hewan,1,,,,,Arthropoda,Hewan beruas,54,,,,,Insecta,Serangga,216,,,,,Mantodea,Blalang sembah,788,,,,,Hymenopodidae,Sentadu bunga-khas,5919.0,,,,,,,,,Acromantis,Sentadu-bunga,7962659.0,,,,,,,,,,,
1406471,"Hymenopus coronatus Olivier, 1792",1406471,"Hymenopus coronatus Olivier, 1792",SPECIES,ACCEPTED,,,,,Animalia,Hewan,1,,,,,Arthropoda,Hewan beruas,54,,,,,Insecta,Serangga,216,,,,,Mantodea,Blalang sembah,788,,,,,Hymenopodidae,Sentadu bunga-khas,5919.0,,,,,,,,,Hymenopus,Sentadu-bunga,8293882.0,,,Hymenopus coronatus,Sentadu anggrek,1406471.0,,,,,NE,
9476970,"Astyliasula sarawaca Westwood, 1889",9476970,"Astyliasula sarawaca Westwood, 1889",SPECIES,ACCEPTED,,,,,Animalia,Hewan,1,,,,,Arthropoda,Hewan beruas,54,,,,,Insecta,Serangga,216,,,,,Mantodea,Blalang sembah,788,,,,,Hymenopodidae,Sentadu bunga-khas,5919.0,,,,,,,,,Astyliasula,Sentadu-bunga,9556240.0,,,Astyliasula sarawaca,Sentadu sarawaca,9476970.0,,,,,NE,
9597941,"Astyliasula phyllopus Haan, 1842",9597941,"Astyliasula phyllopus Haan, 1842",SPECIES,ACCEPTED,,,,,Animalia,Hewan,1,,,,,Arthropoda,Hewan beruas,54,,,,,Insecta,Serangga,216,,,,,Mantodea,Blalang sembah,788,,,,,Hymenopodidae,Sentadu bunga-khas,5919.0,,,,,,,,,Astyliasula,Sentadu-bunga,9556240.0,,,Astyliasula phyllopus,Sentadu bunga,9597941.0,,,,,NE,
10694148,BOLD:ADL7016,10694148,BOLD:ADL7016,GENUS,ACCEPTED,,,,,Animalia,Hewan,1,,,,,Arthropoda,Hewan beruas,54,,,,,Insecta,Serangga,216,,,,,Mantodea,Blalang sembah,788,,,,,Hymenopodidae,Sentadu bunga-khas,5919.0,,,,,,,,,,,,,,,,,,,,,,
5919,Hymenopodidae,5919,Hymenopodidae,FAMILY,ACCEPTED,,,,,Animalia,Hewan,1,,,,,Arthropoda,Hewan beruas,54,,,,,Insecta,Serangga,216,,,,,Mantodea,Blalang sembah,788,,,,,Hymenopodidae,Sentadu bunga-khas,5919.0,,,,,,,,,,Sentadu-bunga,,,,,,,,,,,,
1404248,"Acanthops Serville, 1831",1404248,"Acanthops Serville, 1831",GENUS,ACCEPTED,,,,,Animalia,Hewan,1,,,,,Arthropoda,Hewan beruas,54,,,,,Insecta,Serangga,216,,,,,Mantodea,Blalang sembah,788,,,,,Acanthopidae,Blalang sembah,9165.0,,,,,,,,,Acanthops,Blalang sembah,1404248.0,,,,,,,,,,,
6725769,"Rhombodera fratricida Wood-Mason, 1878",6725769,"Rhombodera fratricida Wood-Mason, 1878",SPECIES,ACCEPTED,,,,,Animalia,Hewan,1,,,,,Arthropoda,Hewan beruas,54,,,,,Insecta,Serangga,216,,,,,Mantodea,Blalang sembah,788,,,,,Mantidae,Sentadu sejati,9383.0,,,,,,,,,Rhombodera,Sentadu sejati,1404613.0,,,Rhombodera fratricida,Sentadu,6725769.0,,,,,NE,
6725780,"Rhombodera megaera Rehn, 1904",6725780,"Rhombodera megaera Rehn, 1904",SPECIES,ACCEPTED,,,,,Animalia,Hewan,1,,,,,Arthropoda,Hewan beruas,54,,,,,Insecta,Serangga,216,,,,,Mantodea,Blalang sembah,788,,,,,Mantidae,Sentadu sejati,9383.0,,,,,,,,,Rhombodera,Sentadu sejati,1404613.0,,,Rhombodera megaera,Sentadu,6725780.0,,,,,NE,
6725782,"Rhombodera valida Burmeister, 1838",6725782,"Rhombodera valida Burmeister, 1838",SPECIES,ACCEPTED,,,,,Animalia,Hewan,1,,,,,Arthropoda,Hewan beruas,54,,,,,Insecta,Serangga,216,,,,,Mantodea,Blalang sembah,788,,,,,Mantidae,Sentadu sejati,9383.0,,,,,,,,,Rhombodera,Sentadu sejati,1404613.0,,,Rhombodera valida,Sentadu,6725782.0,,,,,NE,
6725789,"Rhombodera basalis de Haan, 1842",6725789,"Rhombodera basalis de Haan, 1842",SPECIES,ACCEPTED,,,,,Animalia,Hewan,1,,,,,Arthropoda,Hewan beruas,54,,,,,Insecta,Serangga,216,,,,,Mantodea,Blalang sembah,788,,,,,Mantidae,Sentadu sejati,9383.0,,,,,,,,,Rhombodera,Sentadu sejati,1404613.0,,,Rhombodera basalis,Sentadu,6725789.0,,,,,NE,
6725792,"Rhombodera kirbyi Beier, 1952",6725792,"Rhombodera kirbyi Beier, 1952",SPECIES,ACCEPTED,,,,,Animalia,Hewan,1,,,,,Arthropoda,Hewan beruas,54,,,,,Insecta,Serangga,216,,,,,Mantodea,Blalang sembah,788,,,,,Mantidae,Sentadu sejati,9383.0,,,,,,,,,Rhombodera,Sentadu sejati,1404613.0,,,Rhombodera kirbyi,Sentadu,6725792.0,,,,,NE,
6725794,"Rhombodera extensicollis Serville, 1839",6725794,"Rhombodera extensicollis Serville, 1839",SPECIES,ACCEPTED,,,,,Animalia,Hewan,1,,,,,Arthropoda,Hewan beruas,54,,,,,Insecta,Serangga,216,,,,,Mantodea,Blalang sembah,788,,,,,Mantidae,Sentadu sejati,9383.0,,,,,,,,,Rhombodera,Sentadu sejati,1404613.0,,,Rhombodera extensicollis,Sentadu,6725794.0,,,,,NE,
6725797,"Rhombodera lingulata Stal, 1877",6725797,"Rhombodera lingulata Stal, 1877",SPECIES,ACCEPTED,,,,,Animalia,Hewan,1,,,,,Arthropoda,Hewan beruas,54,,,,,Insecta,Serangga,216,,,,,Mantodea,Blalang sembah,788,,,,,Mantidae,Sentadu sejati,9383.0,,,,,,,,,Rhombodera,Sentadu sejati,1404613.0,,,Rhombodera lingulata,Sentadu,6725797.0,,,,,NE,
6725813,"Rhombodera javana Giglio-Tos, 1912",6725813,"Rhombodera javana Giglio-Tos, 1912",SPECIES,ACCEPTED,,,,,Animalia,Hewan,1,,,,,Arthropoda,Hewan beruas,54,,,,,Insecta,Serangga,216,,,,,Mantodea,Blalang sembah,788,,,,,Mantidae,Sentadu sejati,9383.0,,,,,,,,,Rhombodera,Sentadu sejati,1404613.0,,,Rhombodera javana,Sentadu jawa,6725813.0,,,,,NE,
6871629,"Rhombodera morokana Giglio-Tos, 1912",6871629,"Rhombodera morokana Giglio-Tos, 1912",SPECIES,ACCEPTED,,,,,Animalia,Hewan,1,,,,,Arthropoda,Hewan beruas,54,,,,,Insecta,Serangga,216,,,,,Mantodea,Blalang sembah,788,,,,,Mantidae,Sentadu sejati,9383.0,,,,,,,,,Rhombodera,Sentadu sejati,1404613.0,,,Rhombodera morokana,Sentadu,6871629.0,,,,,NE,
6871631,"Rhombodera stalii Giglio-Tos, 1912",6871631,"Rhombodera stalii Giglio-Tos, 1912",SPECIES,ACCEPTED,,,,,Animalia,Hewan,1,,,,,Arthropoda,Hewan beruas,54,,,,,Insecta,Serangga,216,,,,,Mantodea,Blalang sembah,788,,,,,Mantidae,Sentadu sejati,9383.0,,,,,,,,,Rhombodera,Sentadu sejati,1404613.0,,,Rhombodera stalii,Sentadu,6871631.0,,,,,NE,
1404613,"Rhombodera Burmeister, 1838",1404613,"Rhombodera Burmeister, 1838",GENUS,ACCEPTED,,,,,Animalia,Hewan,1,,,,,Arthropoda,Hewan beruas,54,,,,,Insecta,Serangga,216,,,,,Mantodea,Blalang sembah,788,,,,,Mantidae,Sentadu sejati,9383.0,,,,,,,,,Rhombodera,Sentadu sejati,1404613.0,,,,,,,,,,,
1404933,"Stagmomantis theophila Rehn, 1904",1404933,"Stagmomantis theophila Rehn, 1904",SPECIES,ACCEPTED,,,,,Animalia,Hewan,1,,,,,Arthropoda,Hewan beruas,54,,,,,Insecta,Serangga,216,,,,,Mantodea,Blalang sembah,788,,,,,Mantidae,Sentadu sejati,9383.0,,,,,,,,,Stagmomantis,Sentadu sejati,1404922.0,,,Stagmomantis theophila,Sentadu,1404933.0,,,,,NE,
1404986,"Pnigomantis medioconstricta Westwood, 1889",1404986,"Pnigomantis medioconstricta Westwood, 1889",SPECIES,ACCEPTED,,,,,Animalia,Hewan,1,,,,,Arthropoda,Hewan beruas,54,,,,,Insecta,Serangga,216,,,,,Mantodea,Blalang sembah,788,,,,,Mantidae,Sentadu sejati,9383.0,,,,,,,,,Pnigomantis,Sentadu sejati,1404985.0,,,Pnigomantis medioconstricta,Sentadu tameng-ganda indonesia,1404986.0,,,,,NE,
1405077,"Gretella gracilis Werner, 1923",1405077,"Gretella gracilis Werner, 1923",SPECIES,ACCEPTED,,,,,Animalia,Hewan,1,,,,,Arthropoda,Hewan beruas,54,,,,,Insecta,Serangga,216,,,,,Mantodea,Blalang sembah,788,,,,,Mantidae,Sentadu sejati,9383.0,,,,,,,,,Gretella,Sentadu sejati,1405076.0,,,Gretella gracilis,Sentadu,1405077.0,,,,,NE,
1405115,"Orthodera ministralis Fabricius, 1775",1405115,"Orthodera ministralis Fabricius, 1775",SPECIES,ACCEPTED,,,,,Animalia,Hewan,1,,,,,Arthropoda,Hewan beruas,54,,,,,Insecta,Serangga,216,,,,,Mantodea,Blalang sembah,788,,,,,Mantidae,Sentadu sejati,9383.0,,,,,,,,,Orthodera,Sentadu sejati,1405111.0,,,Orthodera ministralis,Sentadu,1405115.0,,,,,NE,
1405383,"Statilia maculata Thunberg, 1784",1405383,"Statilia maculata Thunberg, 1784",SPECIES,ACCEPTED,,,,,Animalia,Hewan,1,,,,,Arthropoda,Hewan beruas,54,,,,,Insecta,Serangga,216,,,,,Mantodea,Blalang sembah,788,,,,,Mantidae,Sentadu sejati,9383.0,,,,,,,,,Statilia,Sentadu sejati,1405381.0,,,Statilia maculata,Sentadu pelompat-asia,1405383.0,,,,,NE,
1405400,"Statilia apicalis (Saussure, 1871)",1405400,"Statilia apicalis (Saussure, 1871)",SPECIES,ACCEPTED,,,,,Animalia,Hewan,1,,,,,Arthropoda,Hewan beruas,54,,,,,Insecta,Serangga,216,,,,,Mantodea,Blalang sembah,788,,,,,Mantidae,Sentadu sejati,9383.0,,,,,,,,,Statilia,Sentadu sejati,1405381.0,,,Statilia apicalis,Sentadu,1405400.0,,,,,NE,
1405572,"Tenodera costalis Blanchard, 1853",1405572,"Tenodera costalis Blanchard, 1853",SPECIES,ACCEPTED,,,,,Animalia,Hewan,1,,,,,Arthropoda,Hewan beruas,54,,,,,Insecta,Serangga,216,,,,,Mantodea,Blalang sembah,788,,,,,Mantidae,Sentadu sejati,9383.0,,,,,,,,,Tenodera,Sentadu sejati,1405565.0,,,Tenodera costalis,Sentadu,1405572.0,,,,,NE,
1405578,"Tenodera australasiae Leach, 1814",1405578,"Tenodera australasiae Leach, 1814",SPECIES,ACCEPTED,,,,,Animalia,Hewan,1,,,,,Arthropoda,Hewan beruas,54,,,,,Insecta,Serangga,216,,,,,Mantodea,Blalang sembah,788,,,,,Mantidae,Sentadu sejati,9383.0,,,,,,,,,Tenodera,Sentadu sejati,1405565.0,,,Tenodera australasiae,Sentadu sayap-ungu,1405578.0,,,,,NE,
1405589,"Tenodera fasciata Olivier, 1792",1405589,"Tenodera fasciata Olivier, 1792",SPECIES,ACCEPTED,,,,,Animalia,Hewan,1,,,,,Arthropoda,Hewan beruas,54,,,,,Insecta,Serangga,216,,,,,Mantodea,Blalang sembah,788,,,,,Mantidae,Sentadu sejati,9383.0,,,,,,,,,Tenodera,Sentadu sejati,1405565.0,,,Tenodera fasciata,Sentadu,1405589.0,,,,,NE,
1405597,"Tenodera aridifolia Stoll, 1813",1405597,"Tenodera aridifolia Stoll, 1813",SPECIES,ACCEPTED,,,,,Animalia,Hewan,1,,,,,Arthropoda,Hewan beruas,54,,,,,Insecta,Serangga,216,,,,,Mantodea,Blalang sembah,788,,,,,Mantidae,Sentadu sejati,9383.0,,,,,,,,,Tenodera,Sentadu sejati,1405565.0,,,Tenodera aridifolia,Sentadu gergasi-jepang,1405597.0,,,,,NE,
4293587,"Tenodera angustipennis Saussure, 1869",4293587,"Tenodera angustipennis Saussure, 1869",SPECIES,ACCEPTED,,,,,Animalia,Hewan,1,,,,,Arthropoda,Hewan beruas,54,,,,,Insecta,Serangga,216,,,,,Mantodea,Blalang sembah,788,,,,,Mantidae,Sentadu sejati,9383.0,,,,,,,,,Tenodera,Sentadu sejati,1405565.0,,,Tenodera angustipennis,Sentadu sayap-sempit,4293587.0,,,,,NE,
5887934,"Tenodera sinensis Saussure, 1871",5887934,"Tenodera sinensis Saussure, 1871",SPECIES,ACCEPTED,,,,,Animalia,Hewan,1,,,,,Arthropoda,Hewan beruas,54,,,,,Insecta,Serangga,216,,,,,Mantodea,Blalang sembah,788,,,,,Mantidae,Sentadu sejati,9383.0,,,,,,,,,Tenodera,Sentadu sejati,1405565.0,,,Tenodera sinensis,Sentadu tiongkok,5887934.0,,,,,NE,
1405565,"Tenodera Burmeister, 1838",1405565,"Tenodera Burmeister, 1838",GENUS,ACCEPTED,,,,,Animalia,Hewan,1,,,,,Arthropoda,Hewan beruas,54,,,,,Insecta,Serangga,216,,,,,Mantodea,Blalang sembah,788,,,,,Mantidae,Sentadu sejati,9383.0,,,,,,,,,Tenodera,Sentadu sejati,1405565.0,,,,,,,,,,,
1405790,"Tamolanica tamolana Brancsik, 1897",1405790,"Tamolanica tamolana Brancsik, 1897",SPECIES,ACCEPTED,,,,,Animalia,Hewan,1,,,,,Arthropoda,Hewan beruas,54,,,,,Insecta,Serangga,216,,,,,Mantodea,Blalang sembah,788,,,,,Mantidae,Sentadu sejati,9383.0,,,,,,,,,Tamolanica,Sentadu sejati,1405781.0,,,Tamolanica tamolana,Sentadu-tameng papua,1405790.0,,,,,NE,
1405860,"Camelomantis penangica Giglio-Tos, 1917",1405860,"Camelomantis penangica Giglio-Tos, 1917",SPECIES,ACCEPTED,,,,,Animalia,Hewan,1,,,,,Arthropoda,Hewan beruas,54,,,,,Insecta,Serangga,216,,,,,Mantodea,Blalang sembah,788,,,,,Mantidae,Sentadu sejati,9383.0,,,,,,,,,Camelomantis,Sentadu sejati,1405855.0,,,Camelomantis penangica,Sentadu penang,1405860.0,,,,,NE,
1405855,"Camelomantis Giglio-Tos, 1917",1405855,"Camelomantis Giglio-Tos, 1917",GENUS,ACCEPTED,,,,,Animalia,Hewan,1,,,,,Arthropoda,Hewan beruas,54,,,,,Insecta,Serangga,216,,,,,Mantodea,Blalang sembah,788,,,,,Mantidae,Sentadu sejati,9383.0,,,,,,,,,Camelomantis,Sentadu sejati,1405855.0,,,,,,,,,,,
6258028,"Mantis religiosa (Linne, 1758)",6258028,"Mantis religiosa (Linne, 1758)",SPECIES,ACCEPTED,,,,,Animalia,Hewan,1,,,,,Arthropoda,Hewan beruas,54,,,,,Insecta,Serangga,216,,,,,Mantodea,Blalang sembah,788,,,,,Mantidae,Sentadu sejati,9383.0,,,,,,,,,Mantis,Sentadu sejati,4394789.0,,,Mantis religiosa,Sentadu eurasia,6258028.0,,,,,LC,
4394789,"Mantis Linne, 1758",4394789,"Mantis Linne, 1758",GENUS,ACCEPTED,,,,,Animalia,Hewan,1,,,,,Arthropoda,Hewan beruas,54,,,,,Insecta,Serangga,216,,,,,Mantodea,Blalang sembah,788,,,,,Mantidae,Sentadu sejati,9383.0,,,,,,,,,Mantis,Sentadu sejati,4394789.0,,,,,,,,,,NE,
11377097,"Ephierodula heteroptera Werner, 1906",11377097,"Ephierodula heteroptera Werner, 1906",SPECIES,ACCEPTED,,,,,Animalia,Hewan,1,,,,,Arthropoda,Hewan beruas,54,,,,,Insecta,Serangga,216,,,,,Mantodea,Blalang sembah,788,,,,,Mantidae,Sentadu sejati,9383.0,,,,,,,,,Ephierodula,Sentadu sejati,4394810.0,,,Ephierodula heteroptera,Sentadu,11377097.0,,,,,NE,
8322979,"Tenospilota nova Beier, 1930",8322979,"Tenospilota nova Beier, 1930",SPECIES,ACCEPTED,,,,,Animalia,Hewan,1,,,,,Arthropoda,Hewan beruas,54,,,,,Insecta,Serangga,216,,,,,Mantodea,Blalang sembah,788,,,,,Mantidae,Sentadu sejati,9383.0,,,,,,,,,Tenospilota,Sentadu sejati,7694595.0,,,Tenospilota nova,Sentadu,8322979.0,,,,,NE,
1405875,"Hierodula rufomaculata Werner, 1922",1405875,"Hierodula rufomaculata Werner, 1922",SPECIES,ACCEPTED,,,,,Animalia,Hewan,1,,,,,Arthropoda,Hewan beruas,54,,,,,Insecta,Serangga,216,,,,,Mantodea,Blalang sembah,788,,,,,Mantidae,Sentadu sejati,9383.0,,,,,,,,,Hierodula,Sentadu sejati,8263753.0,,,Hierodula rufomaculata,Sentadu,1405875.0,,,,,NE,
1405891,"Hierodula venosa Olivier, 1792",1405891,"Hierodula venosa Olivier, 1792",SPECIES,ACCEPTED,,,,,Animalia,Hewan,1,,,,,Arthropoda,Hewan beruas,54,,,,,Insecta,Serangga,216,,,,,Mantodea,Blalang sembah,788,,,,,Mantidae,Sentadu sejati,9383.0,,,,,,,,,Hierodula,Sentadu sejati,8263753.0,,,Hierodula venosa,Sentadu lengan-emas,1405891.0,,,,,NE,
1405900,"Hierodula obtusata Brunner W., 1898",1405900,"Hierodula obtusata Brunner W., 1898",SPECIES,ACCEPTED,,,,,Animalia,Hewan,1,,,,,Arthropoda,Hewan beruas,54,,,,,Insecta,Serangga,216,,,,,Mantodea,Blalang sembah,788,,,,,Mantidae,Sentadu sejati,9383.0,,,,,,,,,Hierodula,Sentadu sejati,8263753.0,,,Hierodula obtusata,Sentadu,1405900.0,,,,,NE,
1405902,"Hierodula purpurescens Brunner W., 1898",1405902,"Hierodula purpurescens Brunner W., 1898",SPECIES,ACCEPTED,,,,,Animalia,Hewan,1,,,,,Arthropoda,Hewan beruas,54,,,,,Insecta,Serangga,216,,,,,Mantodea,Blalang sembah,788,,,,,Mantidae,Sentadu sejati,9383.0,,,,,,,,,Hierodula,Sentadu sejati,8263753.0,,,Hierodula purpurescens,Sentadu,1405902.0,,,,,NE,
1405903,"Hierodula dolichoptera Werner, 1933",1405903,"Hierodula dolichoptera Werner, 1933",SPECIES,ACCEPTED,,,,,Animalia,Hewan,1,,,,,Arthropoda,Hewan beruas,54,,,,,Insecta,Serangga,216,,,,,Mantodea,Blalang sembah,788,,,,,Mantidae,Sentadu sejati,9383.0,,,,,,,,,Hierodula,Sentadu sejati,8263753.0,,,Hierodula dolichoptera,Sentadu,1405903.0,,,,,NE,
1405911,"Hierodula pustulifera Wood-Mason, 1878",1405911,"Hierodula pustulifera Wood-Mason, 1878",SPECIES,ACCEPTED,,,,,Animalia,Hewan,1,,,,,Arthropoda,Hewan beruas,54,,,,,Insecta,Serangga,216,,,,,Mantodea,Blalang sembah,788,,,,,Mantidae,Sentadu sejati,9383.0,,,,,,,,,Hierodula,Sentadu sejati,8263753.0,,,Hierodula pustulifera,Sentadu,1405911.0,,,,,NE,
1405931,"Hierodula dyaka Westwood, 1889",1405931,"Hierodula dyaka Westwood, 1889",SPECIES,ACCEPTED,,,,,Animalia,Hewan,1,,,,,Arthropoda,Hewan beruas,54,,,,,Insecta,Serangga,216,,,,,Mantodea,Blalang sembah,788,,,,,Mantidae,Sentadu sejati,9383.0,,,,,,,,,Hierodula,Sentadu sejati,8263753.0,,,Hierodula dyaka,Sentadu,1405931.0,,,,,NE,
1405935,"Hierodula heteroptera Werner, 1906",1405935,"Hierodula heteroptera Werner, 1906",SPECIES,ACCEPTED,,,,,Animalia,Hewan,1,,,,,Arthropoda,Hewan beruas,54,,,,,Insecta,Serangga,216,,,,,Mantodea,Blalang sembah,788,,,,,Mantidae,Sentadu sejati,9383.0,,,,,,,,,Hierodula,Sentadu sejati,8263753.0,,,Hierodula heteroptera,Sentadu,1405935.0,,,,,NE,
1405941,"Hierodula vitreoides Giglio-Tos, 1912",1405941,"Hierodula vitreoides Giglio-Tos, 1912",SPECIES,ACCEPTED,,,,,Animalia,Hewan,1,,,,,Arthropoda,Hewan beruas,54,,,,,Insecta,Serangga,216,,,,,Mantodea,Blalang sembah,788,,,,,Mantidae,Sentadu sejati,9383.0,,,,,,,,,Hierodula,Sentadu sejati,8263753.0,,,Hierodula vitreoides,Sentadu,1405941.0,,,,,NE,
1405951,"Hierodula patellifera Serville, 1839",1405951,"Hierodula patellifera Serville, 1839",SPECIES,ACCEPTED,,,,,Animalia,Hewan,1,,,,,Arthropoda,Hewan beruas,54,,,,,Insecta,Serangga,216,,,,,Mantodea,Blalang sembah,788,,,,,Mantidae,Sentadu sejati,9383.0,,,,,,,,,Hierodula,Sentadu sejati,8263753.0,,,Hierodula patellifera,Sentadu-gergasi asia,1405951.0,,,,,NE,
1405957,"Hierodula brunnea Beier, 1952",1405957,"Hierodula brunnea Beier, 1952",SPECIES,ACCEPTED,,,,,Animalia,Hewan,1,,,,,Arthropoda,Hewan beruas,54,,,,,Insecta,Serangga,216,,,,,Mantodea,Blalang sembah,788,,,,,Mantidae,Sentadu sejati,9383.0,,,,,,,,,Hierodula,Sentadu sejati,8263753.0,,,Hierodula brunnea,Sentadu,1405957.0,,,,,NE,
1405958,"Hierodula quinquepatellata Werner, 1911",1405958,"Hierodula quinquepatellata Werner, 1911",SPECIES,ACCEPTED,,,,,Animalia,Hewan,1,,,,,Arthropoda,Hewan beruas,54,,,,,Insecta,Serangga,216,,,,,Mantodea,Blalang sembah,788,,,,,Mantidae,Sentadu sejati,9383.0,,,,,,,,,Hierodula,Sentadu sejati,8263753.0,,,Hierodula quinquepatellata,Sentadu-gergasi nusatenggara,1405958.0,,,,,NE,
1405963,"Hierodula timorensis de Haan, 1842",1405963,"Hierodula timorensis de Haan, 1842",SPECIES,ACCEPTED,,,,,Animalia,Hewan,1,,,,,Arthropoda,Hewan beruas,54,,,,,Insecta,Serangga,216,,,,,Mantodea,Blalang sembah,788,,,,,Mantidae,Sentadu sejati,9383.0,,,,,,,,,Hierodula,Sentadu sejati,8263753.0,,,Hierodula timorensis,Sentadu-gergasi timor,1405963.0,,,,,NE,
1406011,"Hierodula striata Giglio-Tos, 1917",1406011,"Hierodula striata Giglio-Tos, 1917",SPECIES,ACCEPTED,,,,,Animalia,Hewan,1,,,,,Arthropoda,Hewan beruas,54,,,,,Insecta,Serangga,216,,,,,Mantodea,Blalang sembah,788,,,,,Mantidae,Sentadu sejati,9383.0,,,,,,,,,Hierodula,Sentadu sejati,8263753.0,,,Hierodula striata,Sentadu belang,1406011.0,,,,,NE,
8081908,"Hierodula atrocoxata Brunner W., 1898",8081908,"Hierodula atrocoxata Brunner W., 1898",SPECIES,ACCEPTED,,,,,Animalia,Hewan,1,,,,,Arthropoda,Hewan beruas,54,,,,,Insecta,Serangga,216,,,,,Mantodea,Blalang sembah,788,,,,,Mantidae,Sentadu sejati,9383.0,,,,,,,,,Hierodula,Sentadu sejati,8263753.0,,,Hierodula atrocoxata,Sentadu,8081908.0,,,,,NE,
8263753,"Hierodula Burmeister, 1838",8263753,"Hierodula Burmeister, 1838",GENUS,ACCEPTED,,,,,Animalia,Hewan,1,,,,,Arthropoda,Hewan beruas,54,,,,,Insecta,Serangga,216,,,,,Mantodea,Blalang sembah,788,,,,,Mantidae,Sentadu sejati,9383.0,,,,,,,,,Hierodula,Sentadu sejati,8263753.0,,,,,,,,,,NE,
10780781,BOLD:ADG3074,10780781,BOLD:ADG3074,GENUS,ACCEPTED,,,,,Animalia,Hewan,1,,,,,Arthropoda,Hewan beruas,54,,,,,Insecta,Serangga,216,,,,,Mantodea,Blalang sembah,788,,,,,Mantidae,Sentadu sejati,9383.0,,,,,,,,,,,,,,,,,,,,,,
9984886,BOLD:ACP2336,9984886,BOLD:ACP2336,GENUS,ACCEPTED,,,,,Animalia,Hewan,1,,,,,Arthropoda,Hewan beruas,54,,,,,Insecta,Serangga,216,,,,,Mantodea,Blalang sembah,788,,,,,Mantidae,Sentadu sejati,9383.0,,,,,,,,,,,,,,,,,,,,,,
9383,Mantidae,9383,Mantidae,FAMILY,ACCEPTED,,,,,Animalia,Hewan,1,,,,,Arthropoda,Hewan beruas,54,,,,,Insecta,Serangga,216,,,,,Mantodea,Blalang sembah,788,,,,,Mantidae,Sentadu sejati,9383.0,,,,,,,,,,Sentadu sejati,,,,,,,,,,,NE,
10855220,BOLD:ADL7015,10855220,BOLD:ADL7015,GENUS,ACCEPTED,,,,,Animalia,Hewan,1,,,,,Arthropoda,Hewan beruas,54,,,,,Insecta,Serangga,216,,,,,Mantodea,Blalang sembah,788,,,,,Tarachodidae,Sentadu ,9389.0,,,,,,,,,,,,,,,,,,,,,,
1405293,"Severinia Finot, 1902",1405293,"Severinia Finot, 1902",GENUS,ACCEPTED,,,,,Animalia,Hewan,1,,,,,Arthropoda,Hewan beruas,54,,,,,Insecta,Serangga,216,,,,,Mantodea,Blalang sembah,788,,,,,Toxoderidae,Sentadu ,9390.0,,,,,,,,,Severinia,Sentadu ,1405293.0,,,,,,,,,,NE,
1406816,"Stenotoxodera pluto Rehn, 1909",1406816,"Stenotoxodera pluto Rehn, 1909",SPECIES,ACCEPTED,,,,,Animalia,Hewan,1,,,,,Arthropoda,Hewan beruas,54,,,,,Insecta,Serangga,216,,,,,Mantodea,Blalang sembah,788,,,,,Toxoderidae,Sentadu ,9390.0,,,,,,,,,Stenotoxodera,Sentadu ,1406814.0,,,Stenotoxodera pluto,Sentadu bungkuk,1406816.0,,,,,NE,
1406831,"Metatoxodera subparallela Roy, 2009",1406831,"Metatoxodera subparallela Roy, 2009",SPECIES,ACCEPTED,,,,,Animalia,Hewan,1,,,,,Arthropoda,Hewan beruas,54,,,,,Insecta,Serangga,216,,,,,Mantodea,Blalang sembah,788,,,,,Toxoderidae,Sentadu ,9390.0,,,,,,,,,Metatoxodera,Sentadu ,1406830.0,,,Metatoxodera subparallela,Sentadu-serasah pakis,1406831.0,,,,,NE,
1406837,"Protoxodera monstrosa Sjostedt, 1930",1406837,"Protoxodera monstrosa Sjostedt, 1930",SPECIES,ACCEPTED,,,,,Animalia,Hewan,1,,,,,Arthropoda,Hewan beruas,54,,,,,Insecta,Serangga,216,,,,,Mantodea,Blalang sembah,788,,,,,Toxoderidae,Sentadu ,9390.0,,,,,,,,,Protoxodera,Sentadu ,1406836.0,,,Protoxodera monstrosa,Sentadu naga,1406837.0,,,,,NE,
1406839,"Toxodera maculata Beier, 1913",1406839,"Toxodera maculata Beier, 1913",SPECIES,ACCEPTED,,,,,Animalia,Hewan,1,,,,,Arthropoda,Hewan beruas,54,,,,,Insecta,Serangga,216,,,,,Mantodea,Blalang sembah,788,,,,,Toxoderidae,Sentadu ,9390.0,,,,,,,,,Toxodera,Sentadu ,1406838.0,,,Toxodera maculata,Sentadu-naga kering,1406839.0,,,,,NE,
1406840,"Toxodera beieri Roy, 2009",1406840,"Toxodera beieri Roy, 2009",SPECIES,ACCEPTED,,,,,Animalia,Hewan,1,,,,,Arthropoda,Hewan beruas,54,,,,,Insecta,Serangga,216,,,,,Mantodea,Blalang sembah,788,,,,,Toxoderidae,Sentadu ,9390.0,,,,,,,,,Toxodera,Sentadu ,1406838.0,,,Toxodera beieri,Sentadu antaboga,1406840.0,,,,,NE,
1406841,"Toxodera integrifolia Werner, 1925",1406841,"Toxodera integrifolia Werner, 1925",SPECIES,ACCEPTED,,,,,Animalia,Hewan,1,,,,,Arthropoda,Hewan beruas,54,,,,,Insecta,Serangga,216,,,,,Mantodea,Blalang sembah,788,,,,,Toxoderidae,Sentadu ,9390.0,,,,,,,,,Toxodera,Sentadu ,1406838.0,,,Toxodera integrifolia,Sentadu-naga lengan-merah,1406841.0,,,,,NE,
1406842,"Toxodera hauseri Roy, 2009",1406842,"Toxodera hauseri Roy, 2009",SPECIES,ACCEPTED,,,,,Animalia,Hewan,1,,,,,Arthropoda,Hewan beruas,54,,,,,Insecta,Serangga,216,,,,,Mantodea,Blalang sembah,788,,,,,Toxoderidae,Sentadu ,9390.0,,,,,,,,,Toxodera,Sentadu ,1406838.0,,,Toxodera hauseri,Sentadu-naga mata-lancip,1406842.0,,,,,NE,
1406843,"Toxodera maxima Roy, 2009",1406843,"Toxodera maxima Roy, 2009",SPECIES,ACCEPTED,,,,,Animalia,Hewan,1,,,,,Arthropoda,Hewan beruas,54,,,,,Insecta,Serangga,216,,,,,Mantodea,Blalang sembah,788,,,,,Toxoderidae,Sentadu ,9390.0,,,,,,,,,Toxodera,Sentadu ,1406838.0,,,Toxodera maxima,Sentadu-naga coklat,1406843.0,,,,,NE,
1406844,"Toxodera denticulata Serville, 1837",1406844,"Toxodera denticulata Serville, 1837",SPECIES,ACCEPTED,,,,,Animalia,Hewan,1,,,,,Arthropoda,Hewan beruas,54,,,,,Insecta,Serangga,216,,,,,Mantodea,Blalang sembah,788,,,,,Toxoderidae,Sentadu ,9390.0,,,,,,,,,Toxodera,Sentadu ,1406838.0,,,Toxodera denticulata,Sentadu-naga perut-duri,1406844.0,,,,,NE,
1406847,"Toxodera fimbriata Werner, 1930",1406847,"Toxodera fimbriata Werner, 1930",SPECIES,ACCEPTED,,,,,Animalia,Hewan,1,,,,,Arthropoda,Hewan beruas,54,,,,,Insecta,Serangga,216,,,,,Mantodea,Blalang sembah,788,,,,,Toxoderidae,Sentadu ,9390.0,,,,,,,,,Toxodera,Sentadu ,1406838.0,,,Toxodera fimbriata,Sentadu-naga berbulu,1406847.0,,,,,NE,
1406838,"Toxodera Serville, 1837",1406838,"Toxodera Serville, 1837",GENUS,ACCEPTED,,,,,Animalia,Hewan,1,,,,,Arthropoda,Hewan beruas,54,,,,,Insecta,Serangga,216,,,,,Mantodea,Blalang sembah,788,,,,,Toxoderidae,Sentadu ,9390.0,,,,,,,,,Toxodera,Sentadu ,1406838.0,,,,,,,,,,,
1406850,"Paratoxodera borneana Beier, 1931",1406850,"Paratoxodera borneana Beier, 1931",SPECIES,ACCEPTED,,,,,Animalia,Hewan,1,,,,,Arthropoda,Hewan beruas,54,,,,,Insecta,Serangga,216,,,,,Mantodea,Blalang sembah,788,,,,,Toxoderidae,Sentadu ,9390.0,,,,,,,,,Paratoxodera,Sentadu ,1406849.0,,,Paratoxodera borneana,Sentadu-tongkat kalimantan,1406850.0,,,,,NE,
1406851,"Paratoxodera meggitti Uvarov, 1927",1406851,"Paratoxodera meggitti Uvarov, 1927",SPECIES,ACCEPTED,,,,,Animalia,Hewan,1,,,,,Arthropoda,Hewan beruas,54,,,,,Insecta,Serangga,216,,,,,Mantodea,Blalang sembah,788,,,,,Toxoderidae,Sentadu ,9390.0,,,,,,,,,Paratoxodera,Sentadu ,1406849.0,,,Paratoxodera meggitti,Sentadu-naga piramid,1406851.0,,,,,NE,
1406854,"Paratoxodera cornicollis Wood-Mason, 1889",1406854,"Paratoxodera cornicollis Wood-Mason, 1889",SPECIES,ACCEPTED,,,,,Animalia,Hewan,1,,,,,Arthropoda,Hewan beruas,54,,,,,Insecta,Serangga,216,,,,,Mantodea,Blalang sembah,788,,,,,Toxoderidae,Sentadu ,9390.0,,,,,,,,,Paratoxodera,Sentadu ,1406849.0,,,Paratoxodera cornicollis,Sentadu-tongkat malaya,1406854.0,,,,,NE,
1406784,"Metallyticus fallax Giglio-Tos, 1916",1406784,"Metallyticus fallax Giglio-Tos, 1916",SPECIES,ACCEPTED,,,,,Animalia,Hewan,1,,,,,Arthropoda,Hewan beruas,54,,,,,Insecta,Serangga,216,,,,,Mantodea,Blalang sembah,788,,,,,Metallyticidae,Sentadu ,9392.0,,,,,,,,,Metallyticus,Sentadu ,1406783.0,,,Metallyticus fallax,Sentadu-penipu sayap-hitam,1406784.0,,,,,NE,
1406785,"Metallyticus violaceus Burmeister, 1838",1406785,"Metallyticus violaceus Burmeister, 1838",SPECIES,ACCEPTED,,,,,Animalia,Hewan,1,,,,,Arthropoda,Hewan beruas,54,,,,,Insecta,Serangga,216,,,,,Mantodea,Blalang sembah,788,,,,,Metallyticidae,Sentadu ,9392.0,,,,,,,,,Metallyticus,Sentadu ,1406783.0,,,Metallyticus violaceus,Sentadu-penipu kaki-kuning,1406785.0,,,,,NE,
1406791,"Metallyticus splendidus Westwood, 1835",1406791,"Metallyticus splendidus Westwood, 1835",SPECIES,ACCEPTED,,,,,Animalia,Hewan,1,,,,,Arthropoda,Hewan beruas,54,,,,,Insecta,Serangga,216,,,,,Mantodea,Blalang sembah,788,,,,,Metallyticidae,Sentadu ,9392.0,,,,,,,,,Metallyticus,Sentadu ,1406783.0,,,Metallyticus splendidus,Sentadu-penipu berwarna,1406791.0,,,,,NE,
1406783,"Metallyticus Westwood, 1835",1406783,"Metallyticus Westwood, 1835",GENUS,ACCEPTED,,,,,Animalia,Hewan,1,,,,,Arthropoda,Hewan beruas,54,,,,,Insecta,Serangga,216,,,,,Mantodea,Blalang sembah,788,,,,,Metallyticidae,Sentadu ,9392.0,,,,,,,,,Metallyticus,Sentadu ,1406783.0,,,,,,,,,,,
1403483,"Metoxypilus costalis Westwood, 1889",1403483,"Metoxypilus costalis Westwood, 1889",SPECIES,ACCEPTED,,,,,Animalia,Hewan,1,,,,,Arthropoda,Hewan beruas,54,,,,,Insecta,Serangga,216,,,,,Mantodea,Blalang sembah,788,,,,,Nanomantidae,Sentadu kerdil,10724917.0,,,,,,,,,Metoxypilus,Sentadu kerdil,1403480.0,,,Metoxypilus costalis,Sentadu-kerdil pesisir,1403483.0,,,,,NE,
1403942,"Miromantis mirandula Westwood, 1889",1403942,"Miromantis mirandula Westwood, 1889",SPECIES,ACCEPTED,,,,,Animalia,Hewan,1,,,,,Arthropoda,Hewan beruas,54,,,,,Insecta,Serangga,216,,,,,Mantodea,Blalang sembah,788,,,,,Nanomantidae,Sentadu kerdil,10724917.0,,,,,,,,,Miromantis,Sentadu kerdil,1403939.0,,,Miromantis mirandula,Sentadu-kerdil,1403942.0,,,,,NE,
1403963,"Epsomantis tortricoides de Haan, 1842",1403963,"Epsomantis tortricoides de Haan, 1842",SPECIES,ACCEPTED,,,,,Animalia,Hewan,1,,,,,Arthropoda,Hewan beruas,54,,,,,Insecta,Serangga,216,,,,,Mantodea,Blalang sembah,788,,,,,Nanomantidae,Sentadu kerdil,10724917.0,,,,,,,,,Epsomantis,Sentadu kerdil,1403962.0,,,Epsomantis tortricoides,Sentadu-kerdil,1403963.0,,,,,NE,
1404055,"Tropidomantis gressitti Tinkham, 1937",1404055,"Tropidomantis gressitti Tinkham, 1937",SPECIES,ACCEPTED,,,,,Animalia,Hewan,1,,,,,Arthropoda,Hewan beruas,54,,,,,Insecta,Serangga,216,,,,,Mantodea,Blalang sembah,788,,,,,Nanomantidae,Sentadu kerdil,10724917.0,,,,,,,,,Tropidomantis,Sentadu kerdil,1404054.0,,,Tropidomantis gressitti,Sentadu gressiti,1404055.0,,,,,NE,
1404056,"Tropidomantis tenera (Stal, 1858)",1404056,"Tropidomantis tenera (Stal, 1858)",SPECIES,ACCEPTED,,,,,Animalia,Hewan,1,,,,,Arthropoda,Hewan beruas,54,,,,,Insecta,Serangga,216,,,,,Mantodea,Blalang sembah,788,,,,,Nanomantidae,Sentadu kerdil,10724917.0,,,,,,,,,Tropidomantis,Sentadu kerdil,1404054.0,,,Tropidomantis tenera,Sentadu-kerdil,1404056.0,,,,,NE,
1404054,"Tropidomantis Stal, 1877",1404054,"Tropidomantis Stal, 1877",GENUS,ACCEPTED,,,,,Animalia,Hewan,1,,,,,Arthropoda,Hewan beruas,54,,,,,Insecta,Serangga,216,,,,,Mantodea,Blalang sembah,788,,,,,Nanomantidae,Sentadu kerdil,10724917.0,,,,,,,,,Tropidomantis,Sentadu kerdil,1404054.0,,,,,,,,,,,
1406939,"Stenomantis novaeguineae de Haan, 1842",1406939,"Stenomantis novaeguineae de Haan, 1842",SPECIES,ACCEPTED,,,,,Animalia,Hewan,1,,,,,Arthropoda,Hewan beruas,54,,,,,Insecta,Serangga,216,,,,,Mantodea,Blalang sembah,788,,,,,Nanomantidae,Sentadu kerdil,10724917.0,,,,,,,,,Stenomantis,Sentadu kerdil,1406938.0,,,Stenomantis novaeguineae,Sentadu-kerdil,1406939.0,,,,,NE,
11371047,"Pliacanthopus malayanus Beier, 1931",11371047,"Pliacanthopus malayanus Beier, 1931",SPECIES,ACCEPTED,,,,,Animalia,Hewan,1,,,,,Arthropoda,Hewan beruas,54,,,,,Insecta,Serangga,216,,,,,Mantodea,Blalang sembah,788,,,,,Nanomantidae,Sentadu kerdil,10724917.0,,,,,,,,,Pliacanthopus,Sentadu kerdil,4394640.0,,,Pliacanthopus malayanus,Sentadu-kerdil,11371047.0,,,,,NE,
1403918,"Hapalopeza tigrina Westwood, 1889",1403918,"Hapalopeza tigrina Westwood, 1889",SPECIES,ACCEPTED,,,,,Animalia,Hewan,1,,,,,Arthropoda,Hewan beruas,54,,,,,Insecta,Serangga,216,,,,,Mantodea,Blalang sembah,788,,,,,Gonypetidae,Sentadu kaki-ramping,11129708.0,,,,,,,,,Hapalopeza,Sentadu kaki-ramping,1403910.0,,,Hapalopeza tigrina,Sentadu kaki-ramping,1403918.0,,,,,NE,
1403910,"Hapalopeza Stal, 1877",1403910,"Hapalopeza Stal, 1877",GENUS,ACCEPTED,,,,,Animalia,Hewan,1,,,,,Arthropoda,Hewan beruas,54,,,,,Insecta,Serangga,216,,,,,Mantodea,Blalang sembah,788,,,,,Gonypetidae,Sentadu kaki-ramping,11129708.0,,,,,,,,,Hapalopeza,Sentadu kaki-ramping,1403910.0,,,,,,,,,,,
1404987,"Gimantis Giglio-Tos, 1915",1404987,"Gimantis Giglio-Tos, 1915",GENUS,ACCEPTED,,,,,Animalia,Hewan,1,,,,,Arthropoda,Hewan beruas,54,,,,,Insecta,Serangga,216,,,,,Mantodea,Blalang sembah,788,,,,,Gonypetidae,Sentadu kaki-ramping,11129708.0,,,,,,,,,Gimantis,Sentadu kaki-ramping,1404987.0,,,,,,,,,,,
1405075,"Myrcinus tuberosus Stal, 1877",1405075,"Myrcinus tuberosus Stal, 1877",SPECIES,ACCEPTED,,,,,Animalia,Hewan,1,,,,,Arthropoda,Hewan beruas,54,,,,,Insecta,Serangga,216,,,,,Mantodea,Blalang sembah,788,,,,,Gonypetidae,Sentadu kaki-ramping,11129708.0,,,,,,,,,Myrcinus,Sentadu kaki-ramping,1405072.0,,,Myrcinus tuberosus,Sentadu kaki-ramping,1405075.0,,,,,NE,
1405243,"Amantis malayana Westwood, 1889",1405243,"Amantis malayana Westwood, 1889",SPECIES,ACCEPTED,,,,,Animalia,Hewan,1,,,,,Arthropoda,Hewan beruas,54,,,,,Insecta,Serangga,216,,,,,Mantodea,Blalang sembah,788,,,,,Gonypetidae,Sentadu kaki-ramping,11129708.0,,,,,,,,,Amantis,Sentadu kaki-ramping,1405239.0,,,Amantis malayana,Sentadu kaki-ramping,1405243.0,,,,,NE,
1405250,"Amantis reticulata Haan, 1842",1405250,"Amantis reticulata Haan, 1842",SPECIES,ACCEPTED,,,,,Animalia,Hewan,1,,,,,Arthropoda,Hewan beruas,54,,,,,Insecta,Serangga,216,,,,,Mantodea,Blalang sembah,788,,,,,Gonypetidae,Sentadu kaki-ramping,11129708.0,,,,,,,,,Amantis,Sentadu kaki-ramping,1405239.0,,,Amantis reticulata,Sentadu kaki-ramping,1405250.0,,,,,NE,
1405469,"Dimantis haani Giglio-Tos, 1915",1405469,"Dimantis haani Giglio-Tos, 1915",SPECIES,ACCEPTED,,,,,Animalia,Hewan,1,,,,,Arthropoda,Hewan beruas,54,,,,,Insecta,Serangga,216,,,,,Mantodea,Blalang sembah,788,,,,,Gonypetidae,Sentadu kaki-ramping,11129708.0,,,,,,,,,Dimantis,Sentadu kaki-ramping,1405468.0,,,Dimantis haani,Sentadu kaki-ramping,1405469.0,,,,,NE,
1405616,"Compsomantis tumidiceps Bolivar, 1890",1405616,"Compsomantis tumidiceps Bolivar, 1890",SPECIES,ACCEPTED,,,,,Animalia,Hewan,1,,,,,Arthropoda,Hewan beruas,54,,,,,Insecta,Serangga,216,,,,,Mantodea,Blalang sembah,788,,,,,Gonypetidae,Sentadu kaki-ramping,11129708.0,,,,,,,,,Compsomantis,Sentadu kaki-ramping,1405609.0,,,Compsomantis tumidiceps,Sentadu kaki-ramping,1405616.0,,,,,NE,
1405609,"Compsomantis Saussure, 1872",1405609,"Compsomantis Saussure, 1872",GENUS,ACCEPTED,,,,,Animalia,Hewan,1,,,,,Arthropoda,Hewan beruas,54,,,,,Insecta,Serangga,216,,,,,Mantodea,Blalang sembah,788,,,,,Gonypetidae,Sentadu kaki-ramping,11129708.0,,,,,,,,,Compsomantis,Sentadu kaki-ramping,1405609.0,,,,,,,,,,,
1406968,"Theopompa ophthalmica Olivier, 1792",1406968,"Theopompa ophthalmica Olivier, 1792",SPECIES,ACCEPTED,,,,,Animalia,Hewan,1,,,,,Arthropoda,Hewan beruas,54,,,,,Insecta,Serangga,216,,,,,Mantodea,Blalang sembah,788,,,,,Gonypetidae,Sentadu kaki-ramping,11129708.0,,,,,,,,,Theopompa,Sentadu kaki-ramping,1406967.0,,,Theopompa ophthalmica,Sentadu kaki-ramping,1406968.0,,,,,NE,
1406973,"Theopompa borneana Giglio-Tos, 1917",1406973,"Theopompa borneana Giglio-Tos, 1917",SPECIES,ACCEPTED,,,,,Animalia,Hewan,1,,,,,Arthropoda,Hewan beruas,54,,,,,Insecta,Serangga,216,,,,,Mantodea,Blalang sembah,788,,,,,Gonypetidae,Sentadu kaki-ramping,11129708.0,,,,,,,,,Theopompa,Sentadu kaki-ramping,1406967.0,,,Theopompa borneana,Sentadu-pepagan kalimantan,1406973.0,,,,,NE,
1406974,"Theopompa servillei de Haan, 1842",1406974,"Theopompa servillei de Haan, 1842",SPECIES,ACCEPTED,,,,,Animalia,Hewan,1,,,,,Arthropoda,Hewan beruas,54,,,,,Insecta,Serangga,216,,,,,Mantodea,Blalang sembah,788,,,,,Gonypetidae,Sentadu kaki-ramping,11129708.0,,,,,,,,,Theopompa,Sentadu kaki-ramping,1406967.0,,,Theopompa servillei,Sentadu kaki-ramping,1406974.0,,,,,NE,
1406976,"Theopompa tosta Stal, 1877",1406976,"Theopompa tosta Stal, 1877",SPECIES,ACCEPTED,,,,,Animalia,Hewan,1,,,,,Arthropoda,Hewan beruas,54,,,,,Insecta,Serangga,216,,,,,Mantodea,Blalang sembah,788,,,,,Gonypetidae,Sentadu kaki-ramping,11129708.0,,,,,,,,,Theopompa,Sentadu kaki-ramping,1406967.0,,,Theopompa tosta,Sentadu kaki-ramping,1406976.0,,,,,NE,
1406967,"Theopompa Stal, 1877",1406967,"Theopompa Stal, 1877",GENUS,ACCEPTED,,,,,Animalia,Hewan,1,,,,,Arthropoda,Hewan beruas,54,,,,,Insecta,Serangga,216,,,,,Mantodea,Blalang sembah,788,,,,,Gonypetidae,Sentadu kaki-ramping,11129708.0,,,,,,,,,Theopompa,Sentadu kaki-ramping,1406967.0,,,,,,,,,,,
6725825,"Humbertiella ocularis Saussure, 1872",6725825,"Humbertiella ocularis Saussure, 1872",SPECIES,ACCEPTED,,,,,Animalia,Hewan,1,,,,,Arthropoda,Hewan beruas,54,,,,,Insecta,Serangga,216,,,,,Mantodea,Blalang sembah,788,,,,,Gonypetidae,Sentadu kaki-ramping,11129708.0,,,,,,,,,Humbertiella,Sentadu kaki-ramping,3259645.0,,,Humbertiella ocularis,Sentadu kaki-ramping,6725825.0,,,,,NE,
3259645,"Humbertiella Saussure, 1869",3259645,"Humbertiella Saussure, 1869",GENUS,ACCEPTED,,,,,Animalia,Hewan,1,,,,,Arthropoda,Hewan beruas,54,,,,,Insecta,Serangga,216,,,,,Mantodea,Blalang sembah,788,,,,,Gonypetidae,Sentadu kaki-ramping,11129708.0,,,,,,,,,Humbertiella,Sentadu kaki-ramping,3259645.0,,,,,,,,,,,
1405418,"Deroplatys trigonodera Westwood, 1889",1405418,"Deroplatys trigonodera Westwood, 1889",SPECIES,ACCEPTED,,,,,Animalia,Hewan,1,,,,,Arthropoda,Hewan beruas,54,,,,,Insecta,Serangga,216,,,,,Mantodea,Blalang sembah,788,,,,,Deroplatyidae,Sentadu daun-mati,11370297.0,,,,,,,,,Deroplatys,Sentadu daun-mati,1405414.0,,,Deroplatys trigonodera,Sentadu daun-mati,1405418.0,,,,,NE,
1405419,"Deroplatys sarawaca Westwood, 1889",1405419,"Deroplatys sarawaca Westwood, 1889",SPECIES,ACCEPTED,,,,,Animalia,Hewan,1,,,,,Arthropoda,Hewan beruas,54,,,,,Insecta,Serangga,216,,,,,Mantodea,Blalang sembah,788,,,,,Deroplatyidae,Sentadu daun-mati,11370297.0,,,,,,,,,Deroplatys,Sentadu daun-mati,1405414.0,,,Deroplatys sarawaca,Sentadu daun-mati,1405419.0,,,,,NE,
1405420,"Deroplatys moultoni Giglio-Tos, 1917",1405420,"Deroplatys moultoni Giglio-Tos, 1917",SPECIES,ACCEPTED,,,,,Animalia,Hewan,1,,,,,Arthropoda,Hewan beruas,54,,,,,Insecta,Serangga,216,,,,,Mantodea,Blalang sembah,788,,,,,Deroplatyidae,Sentadu daun-mati,11370297.0,,,,,,,,,Deroplatys,Sentadu daun-mati,1405414.0,,,Deroplatys moultoni,Sentadu daun-mati,1405420.0,,,,,NE,
1405421,"Deroplatys desiccata Westwood, 1839",1405421,"Deroplatys desiccata Westwood, 1839",SPECIES,ACCEPTED,,,,,Animalia,Hewan,1,,,,,Arthropoda,Hewan beruas,54,,,,,Insecta,Serangga,216,,,,,Mantodea,Blalang sembah,788,,,,,Deroplatyidae,Sentadu daun-mati,11370297.0,,,,,,,,,Deroplatys,Sentadu daun-mati,1405414.0,,,Deroplatys desiccata,Sentadu-serasah gergasi,1405421.0,,,,,NE,
1405426,"Deroplatys lobata Guerin-Meneville, 1838",1405426,"Deroplatys lobata Guerin-Meneville, 1838",SPECIES,ACCEPTED,,,,,Animalia,Hewan,1,,,,,Arthropoda,Hewan beruas,54,,,,,Insecta,Serangga,216,,,,,Mantodea,Blalang sembah,788,,,,,Deroplatyidae,Sentadu daun-mati,11370297.0,,,,,,,,,Deroplatys,Sentadu daun-mati,1405414.0,,,Deroplatys lobata,Sentadu-serasah asia-tenggara,1405426.0,,,,,NE,
1405430,"Deroplatys truncata Guerin-Meneville, 1843",1405430,"Deroplatys truncata Guerin-Meneville, 1843",SPECIES,ACCEPTED,,,,,Animalia,Hewan,1,,,,,Arthropoda,Hewan beruas,54,,,,,Insecta,Serangga,216,,,,,Mantodea,Blalang sembah,788,,,,,Deroplatyidae,Sentadu daun-mati,11370297.0,,,,,,,,,Deroplatys,Sentadu daun-mati,1405414.0,,,Deroplatys truncata,Sentadu daun-mati,1405430.0,,,,,NE,
1405414,"Deroplatys Westwood, 1839",1405414,"Deroplatys Westwood, 1839",GENUS,ACCEPTED,,,,,Animalia,Hewan,1,,,,,Arthropoda,Hewan beruas,54,,,,,Insecta,Serangga,216,,,,,Mantodea,Blalang sembah,788,,,,,Deroplatyidae,Sentadu daun-mati,11370297.0,,,,,,,,,Deroplatys,Sentadu daun-mati,1405414.0,,,,,,,,,,,
1405674,"Mythomantis confusa Westwood, 1889",1405674,"Mythomantis confusa Westwood, 1889",SPECIES,ACCEPTED,,,,,Animalia,Hewan,1,,,,,Arthropoda,Hewan beruas,54,,,,,Insecta,Serangga,216,,,,,Mantodea,Blalang sembah,788,,,,,Deroplatyidae,Belalang sembah,11370297.0,,,,,,,,,Mythomantis,Belalang sembah,1405672.0,,,Mythomantis confusa,Belalang sembah,1405674.0,,,,,NE,
1405513,"Euchomenella matilei Roy, 2001",1405513,"Euchomenella matilei Roy, 2001",SPECIES,ACCEPTED,,,,,Animalia,Hewan,1,,,,,Arthropoda,Hewan beruas,54,,,,,Insecta,Serangga,216,,,,,Mantodea,Blalang sembah,788,,,,,Deroplatyidae,Belalang sembah,11370297.0,,,,,,,,,Euchomenella,Belalang sembah,9782359.0,,,Euchomenella matilei,Belalang sembah,1405513.0,,,,,NE,
1405517,"Euchomenella heteroptera de Haan, 1842",1405517,"Euchomenella heteroptera de Haan, 1842",SPECIES,ACCEPTED,,,,,Animalia,Hewan,1,,,,,Arthropoda,Hewan beruas,54,,,,,Insecta,Serangga,216,,,,,Mantodea,Blalang sembah,788,,,,,Deroplatyidae,Belalang sembah,11370297.0,,,,,,,,,Euchomenella,Belalang sembah,9782359.0,,,Euchomenella heteroptera,Belalang sembah,1405517.0,,,,,NE,
1405518,"Euchomenella moluccarum Saussure, 1872",1405518,"Euchomenella moluccarum Saussure, 1872",SPECIES,ACCEPTED,,,,,Animalia,Hewan,1,,,,,Arthropoda,Hewan beruas,54,,,,,Insecta,Serangga,216,,,,,Mantodea,Blalang sembah,788,,,,,Deroplatyidae,Belalang sembah,11370297.0,,,,,,,,,Euchomenella,Belalang sembah,9782359.0,,,Euchomenella moluccarum,Belalang sembah,1405518.0,,,,,NE,
7720147,"Euchomenella udovichenkoi Shcherbakov, 2012",7720147,"Euchomenella udovichenkoi Shcherbakov, 2012",SPECIES,ACCEPTED,,,,,Animalia,Hewan,1,,,,,Arthropoda,Hewan beruas,54,,,,,Insecta,Serangga,216,,,,,Mantodea,Blalang sembah,788,,,,,Deroplatyidae,Belalang sembah,11370297.0,,,,,,,,,Euchomenella,Belalang sembah,9782359.0,,,Euchomenella udovichenkoi,Belalang sembah,7720147.0,,,,,NE,
9782359,"Euchomenella Giglio-Tos, 1916",9782359,"Euchomenella Giglio-Tos, 1916",GENUS,ACCEPTED,,,,,Animalia,Hewan,1,,,,,Arthropoda,Hewan beruas,54,,,,,Insecta,Serangga,216,,,,,Mantodea,Blalang sembah,788,,,,,Deroplatyidae,Belalang sembah,11370297.0,,,,,,,,,Euchomenella,Belalang sembah,9782359.0,,,,,,,,,,,
1404487,"Leptomantella albella (Burmeister, 1838)",1404487,"Leptomantella albella (Burmeister, 1838)",SPECIES,ACCEPTED,,,,,Animalia,Hewan,1,,,,,Arthropoda,Hewan beruas,54,,,,,Insecta,Serangga,216,,,,,Mantodea,Blalang sembah,788,,,,,Leptomantellidae,Belalang sembah,11372363.0,,,,,,,,,Leptomantella,Belalang sembah,7870368.0,,,Leptomantella albella,Belalang sembah,1404487.0,,,,,NE,
1404495,"Leptomantella fragilis Westwood, 1889",1404495,"Leptomantella fragilis Westwood, 1889",SPECIES,ACCEPTED,,,,,Animalia,Hewan,1,,,,,Arthropoda,Hewan beruas,54,,,,,Insecta,Serangga,216,,,,,Mantodea,Blalang sembah,788,,,,,Leptomantellidae,Belalang sembah,11372363.0,,,,,,,,,Leptomantella,Belalang sembah,7870368.0,,,Leptomantella fragilis,Belalang sembah,1404495.0,,,,,NE,
1403724,"Astape denticollis Stal, 1877",1403724,"Astape denticollis Stal, 1877",SPECIES,ACCEPTED,,,,,Animalia,Hewan,1,,,,,Arthropoda,Hewan beruas,54,,,,,Insecta,Serangga,216,,,,,Mantodea,Blalang sembah,788,,,,,Haaniidae,Belalang sembah,11378612.0,,,,,,,,,Astape,Belalang sembah,1403723.0,,,Astape denticollis,Belalang sembah,1403724.0,,,,,NE,
1404280,"Caliris elegans Giglio-Tos, 1915",1404280,"Caliris elegans Giglio-Tos, 1915",SPECIES,ACCEPTED,,,,,Animalia,Hewan,1,,,,,Arthropoda,Hewan beruas,54,,,,,Insecta,Serangga,216,,,,,Mantodea,Blalang sembah,788,,,,,Haaniidae,Belalang sembah,11378612.0,,,,,,,,,Caliris,Belalang sembah,1404277.0,,,Caliris elegans,Belalang-sembah elok,1404280.0,,,,,NE,
1404277,"Caliris Giglio-Tos, 1915",1404277,"Caliris Giglio-Tos, 1915",GENUS,ACCEPTED,,,,,Animalia,Hewan,1,,,,,Arthropoda,Hewan beruas,54,,,,,Insecta,Serangga,216,,,,,Mantodea,Blalang sembah,788,,,,,Haaniidae,Belalang sembah,11378612.0,,,,,,,,,Caliris,Belalang sembah,1404277.0,,,,,,,,,,,
1404573,"Gildella suavis Giglio-Tos, 1915",1404573,"Gildella suavis Giglio-Tos, 1915",SPECIES,ACCEPTED,,,,,Animalia,Hewan,1,,,,,Arthropoda,Hewan beruas,54,,,,,Insecta,Serangga,216,,,,,Mantodea,Blalang sembah,788,,,,,Haaniidae,Belalang sembah,11378612.0,,,,,,,,,Gildella,Belalang sembah,1404572.0,,,Gildella suavis,Belalang sembah,1404573.0,,,,,NE,
10272891,BOLD:AAZ6168,10272891,BOLD:AAZ6168,ORDO,ACCEPTED,,,,,Animalia,Hewan,1,,,,,Arthropoda,Hewan beruas,54,,,,,Insecta,Serangga,216,,,,,Mantodea,Blalang sembah,788,,,,,,,,,,,,,,,,,,,,,,,,,,,,,
788,Mantodea,788,Mantodea,ORDER,ACCEPTED,,,,,Animalia,Hewan,1,,,,,Arthropoda,Hewan beruas,54,,,,,Insecta,Serangga,216,,,,,Mantodea,Blalang sembah,788,,,,,,,,,,,,,,,,,,,,,,,,,,,,NE,
10255939,BOLD:ACR2687,10255939,BOLD:ACR2687,ORDO,ACCEPTED,,,,,Animalia,Hewan,1,,,,,Arthropoda,Hewan beruas,54,,,,,Insecta,Serangga,216,,,,,Mantodea,Blalang sembah,788,,,,,,,,,,,,,,,,,,,,,,,,,,,,,
10396852,BOLD:ACP9769,10396852,BOLD:ACP9769,ORDO,ACCEPTED,,,,,Animalia,Hewan,1,,,,,Arthropoda,Hewan beruas,54,,,,,Insecta,Serangga,216,,,,,Mantodea,Blalang sembah,788,,,,,,,,,,,,,,,,,,,,,,,,,,,,,
10611600,BOLD:ABX4151,10611600,BOLD:ABX4151,ORDO,ACCEPTED,,,,,Animalia,Hewan,1,,,,,Arthropoda,Hewan beruas,54,,,,,Insecta,Serangga,216,,,,,Mantodea,Blalang sembah,788,,,,,,,,,,,,,,,,,,,,,,,,,,,,,
10468370,BOLD:ABX4142,10468370,BOLD:ABX4142,ORDO,ACCEPTED,,,,,Animalia,Hewan,1,,,,,Arthropoda,Hewan beruas,54,,,,,Insecta,Serangga,216,,,,,Mantodea,Blalang sembah,788,,,,,,,,,,,,,,,,,,,,,,,,,,,,,
10642208,BOLD:ACP9026,10642208,BOLD:ACP9026,ORDO,ACCEPTED,,,,,Animalia,Hewan,1,,,,,Arthropoda,Hewan beruas,54,,,,,Insecta,Serangga,216,,,,,Mantodea,Blalang sembah,788,,,,,,,,,,,,,,,,,,,,,,,,,,,,,
10259175,BOLD:AAZ6342,10259175,BOLD:AAZ6342,ORDO,ACCEPTED,,,,,Animalia,Hewan,1,,,,,Arthropoda,Hewan beruas,54,,,,,Insecta,Serangga,216,,,,,Mantodea,Blalang sembah,788,,,,,,,,,,,,,,,,,,,,,,,,,,,,,
10580826,BOLD:ACR3314,10580826,BOLD:ACR3314,ORDO,ACCEPTED,,,,,Animalia,Hewan,1,,,,,Arthropoda,Hewan beruas,54,,,,,Insecta,Serangga,216,,,,,Mantodea,Blalang sembah,788,,,,,,,,,,,,,,,,,,,,,,,,,,,,,
10077808,BOLD:ACP8147,10077808,BOLD:ACP8147,ORDO,ACCEPTED,,,,,Animalia,Hewan,1,,,,,Arthropoda,Hewan beruas,54,,,,,Insecta,Serangga,216,,,,,Mantodea,Blalang sembah,788,,,,,,,,,,,,,,,,,,,,,,,,,,,,,
